Marca,Modello,Type,Origine,DriveTrain,MSRP,Invoice,EngineSize,Cylinders,Horsepower,MPG_City,MPG_Highway,Weight,Wheelbase,Length
Acura,MDX,SUV,Asia,All,36945.0,33337.0,3.5,6.0,265.0,17.0,23.0,4451.0,106.0,189.0
Acura,RSX Type S 2dr,Sedan,Asia,Front,23820.0,21761.0,2.0,4.0,200.0,24.0,31.0,2778.0,101.0,172.0
Acura,TSX 4dr,Sedan,Asia,Front,26990.0,24647.0,2.4,4.0,200.0,22.0,29.0,3230.0,105.0,183.0
Acura,TL 4dr,Sedan,Asia,Front,33195.0,30299.0,3.2,6.0,270.0,20.0,28.0,3575.0,108.0,186.0
Acura,3.5 RL 4dr,Sedan,Asia,Front,43755.0,39014.0,3.5,6.0,225.0,18.0,24.0,3880.0,115.0,197.0
Acura,3.5 RL w/Navigation 4dr,Sedan,Asia,Front,46100.0,41100.0,3.5,6.0,225.0,18.0,24.0,3893.0,115.0,197.0
Acura,NSX coupe 2dr manual S,Sports,Asia,Rear,89765.0,79978.0,3.2,6.0,290.0,17.0,24.0,3153.0,100.0,174.0
Abarth,595,Hatchback,Europe,FWD,23000.0,22000.0,1.4,4.0,145.0,32.4,38.1,1110.0,98.0,3660.0
Abarth,595C,Convertible,Europe,FWD,25500.0,24500.0,1.4,4.0,145.0,31.7,37.4,1140.0,98.0,3660.0
Alfa Romeo,Stelvio,SUV,Europe,AWD,48000.0,46000.0,2.0,4.0,280.0,29.4,34.4,1800.0,110.0,4700.0
Alfa Romeo,Giulietta,Hatchback,Europe,FWD,25000.0,24000.0,1.75,4.0,240.0,27.0,35.0,1400.0,105.0,4350.0
Alfa Romeo,Giulia,Sedan,Europe,RWD,42000.0,40000.0,2.0,4.0,280.0,27.7,36.0,1650.0,111.0,4640.0
Aston Martin,DB11,Coupe,Europe,RWD,180000.0,170000.0,4.0,8.0,510.0,15.0,22.0,1870.0,114.0,4700.0
Aston Martin,DB11 Volante,Convertible,Europe,RWD,195000.0,185000.0,4.0,8.0,510.0,14.0,22.0,1920.0,114.0,4700.0
Aston Martin,DBX,SUV,Europe,AWD,210000.0,200000.0,4.0,8.0,550.0,16.0,22.0,2240.0,121.0,5030.0
Aston Martin,DBS Superleggera,Coupe,Europe,RWD,320000.0,310000.0,5.2,12.0,715.0,13.0,21.0,1790.0,114.0,4700.0
Aston Martin,Rapide S,Sedan,Europe,RWD,200000.0,190000.0,6.0,12.0,550.0,16.0,23.0,1870.0,111.0,5080.0
Aston Martin,Vantage,Coupe,Europe,RWD,140000.0,130000.0,4.0,8.0,503.0,19.0,29.0,1610.0,107.0,4470.0
Audi,A1 Sportback,Hatchback,Europe,FWD,26000.0,25000.0,1.5,4.0,150.0,33.6,42.8,1200.0,98.0,4000.0
Audi,Citycarver A1,Hatchback,Europe,FWD,27000.0,26000.0,1.5,4.0,150.0,32.0,41.5,1250.0,98.0,4050.0
Audi,A6,Sedan,Europe,AWD,54000.0,52000.0,2.0,4.0,245.0,27.0,35.0,1700.0,114.0,4950.0
Audi,A6 Allroad Quattro,SUV,Europe,AWD,60000.0,58000.0,3.0,6.0,335.0,23.0,29.0,1950.0,114.0,5050.0
Audi,A6 Avant,Sedan,Europe,AWD,55000.0,53000.0,2.0,4.0,245.0,26.0,34.0,1700.0,114.0,4950.0
Audi,A7 Sportback,Hatchback,Europe,AWD,67000.0,65000.0,3.0,6.0,335.0,24.0,31.0,1870.0,114.0,4950.0
Audi,A8,Sedan,Europe,AWD,90000.0,87000.0,3.0,6.0,335.0,22.0,28.0,2000.0,121.0,5300.0
Audi,A3 Berlina,Sedan,Europe,FWD,32000.0,31000.0,1.5,4.0,150.0,30.0,38.0,1350.0,105.0,4450.0
Audi,A3 Sportback,Hatchback,Europe,FWD,32000.0,31000.0,1.5,4.0,150.0,30.0,38.0,1350.0,105.0,4450.0
Audi,A4,Sedan,Europe,FWD,37000.0,36000.0,2.0,4.0,190.0,27.0,35.0,1500.0,110.0,4700.0
Audi,A4 Avant,Station Wagon,Europe,FWD,39000.0,38000.0,2.0,4.0,190.0,26.0,34.0,1550.0,110.0,4750.0
Audi,A4 Allroad Quattro,SUV,Europe,AWD,45000.0,43000.0,3.0,6.0,245.0,22.0,27.0,1800.0,110.0,4800.0
Audi,A5 Cabrio,Convertible,Europe,RWD,46000.0,44000.0,2.0,4.0,190.0,25.0,32.0,1650.0,110.0,4700.0
Audi,A5 Coupé,Coupe,Europe,RWD,45000.0,43000.0,2.0,4.0,190.0,25.0,32.0,1600.0,110.0,4700.0
Audi,A5 Sportback,Hatchback,Europe,FWD,46000.0,44000.0,2.0,4.0,190.0,25.0,32.0,1650.0,110.0,4700.0
Audi,Q7,SUV,Europe,AWD,75000.0,72000.0,3.0,6.0,335.0,19.0,24.0,2100.0,121.0,5050.0
Audi,RS 5 Coupé,Coupe,Europe,RWD,80000.0,78000.0,2.9,6.0,450.0,18.0,26.0,1700.0,110.0,4700.0
Audi,RS4 Avant,Station Wagon,Europe,RWD,75000.0,73000.0,2.9,6.0,450.0,18.0,26.0,1700.0,110.0,4700.0
Audi,RS5 Sportback,Hatchback,Europe,RWD,80000.0,78000.0,2.9,6.0,450.0,18.0,26.0,1700.0,110.0,4700.0
Audi,RS7 Sportback,Hatchback,Europe,RWD,85000.0,83000.0,4.0,8.0,600.0,17.0,24.0,1850.0,114.0,4900.0
Audi,S3 Berlina,Sedan,Europe,FWD,42000.0,40000.0,2.0,4.0,310.0,26.0,34.0,1400.0,105.0,4450.0
Audi,S3 Sportback,Hatchback,Europe,FWD,42000.0,40000.0,2.0,4.0,310.0,26.0,34.0,1400.0,105.0,4450.0
Audi,S6,Sedan,Europe,AWD,75000.0,73000.0,4.0,8.0,450.0,20.0,27.0,1750.0,114.0,4900.0
Audi,S6 Avant,Station Wagon,Europe,AWD,77000.0,75000.0,4.0,8.0,450.0,20.0,27.0,1800.0,114.0,4950.0
Audi,S8,Sedan,Europe,AWD,95000.0,93000.0,4.0,8.0,570.0,17.0,24.0,2000.0,121.0,5300.0
Audi,Q2,SUV,Europe,FWD,35000.0,34000.0,1.5,4.0,150.0,32.0,41.0,1350.0,105.0,4300.0
Audi,Q3,SUV,Europe,AWD,40000.0,39000.0,2.0,4.0,220.0,26.0,33.0,1600.0,105.0,4500.0
Audi,Q3 Sportback,SUV,Europe,AWD,42000.0,41000.0,2.0,4.0,220.0,26.0,33.0,1600.0,105.0,4500.0
Audi,Q5,SUV,Europe,AWD,52000.0,50000.0,2.0,4.0,245.0,24.0,31.0,1750.0,110.0,4800.0
Audi,Q8,SUV,Europe,AWD,90000.0,88000.0,3.0,6.0,335.0,19.0,25.0,2100.0,121.0,5000.0
Audi,R8 Coupe,Coupe,Europe,RWD,150000.0,145000.0,5.2,10.0,610.0,14.0,22.0,1650.0,107.0,4430.0
Audi,R8 Spyder,Convertible,Europe,RWD,170000.0,165000.0,5.2,10.0,610.0,14.0,22.0,1670.0,107.0,4430.0
Audi,RS 6 Avant,Station Wagon,Europe,AWD,110000.0,108000.0,4.0,8.0,600.0,17.0,24.0,1850.0,114.0,4900.0
Audi,RS Q3,SUV,Europe,AWD,70000.0,68000.0,2.5,5.0,400.0,22.0,29.0,1750.0,110.0,4700.0
Audi,RS Q3 Sportback,SUV,Europe,AWD,72000.0,70000.0,2.5,5.0,400.0,22.0,29.0,1750.0,110.0,4700.0
Audi,RS Q8,SUV,Europe,AWD,140000.0,138000.0,4.0,8.0,600.0,17.0,24.0,2100.0,121.0,5000.0
Audi,S4,Sedan,Europe,RWD,50000.0,48000.0,3.0,6.0,349.0,23.0,31.0,1650.0,110.0,4700.0
Audi,S5 Cabriolet,Convertible,Europe,RWD,53000.0,51000.0,3.0,6.0,349.0,23.0,31.0,1700.0,110.0,4700.0
Audi,S5 Coupé,Coupe,Europe,RWD,52000.0,50000.0,3.0,6.0,349.0,23.0,31.0,1650.0,110.0,4700.0
Audi,S5 Sportback,Hatchback,Europe,RWD,53000.0,51000.0,3.0,6.0,349.0,23.0,31.0,1700.0,110.0,4700.0
BMW,Serie 1,Hatchback,Europe,RWD,35000.0,34000.0,2.0,4.0,190.0,29.0,37.0,1400.0,110.0,4350.0
BMW,Serie 2 Coupé,Coupe,Europe,RWD,38000.0,37000.0,2.0,4.0,250.0,26.0,35.0,1450.0,110.0,4370.0
BMW,Serie 2 Gran Coupé,Sedan,Europe,RWD,36000.0,35000.0,2.0,4.0,190.0,28.0,36.0,1400.0,110.0,4350.0
BMW,Serie 3,Sedan,Europe,RWD,42000.0,41000.0,2.0,4.0,255.0,27.0,36.0,1500.0,112.0,4700.0
BMW,Serie 3 Touring,Station Wagon,Europe,RWD,45000.0,44000.0,2.0,4.0,255.0,26.0,35.0,1550.0,112.0,4750.0
BMW,Serie 4 Coupé,Coupe,Europe,RWD,47000.0,46000.0,3.0,6.0,382.0,24.0,33.0,1600.0,115.0,4800.0
BMW,Serie 4 Cabrio,Convertible,Europe,RWD,51000.0,50000.0,3.0,6.0,382.0,24.0,32.0,1650.0,115.0,4850.0
BMW,Serie 5,Sedan,Europe,RWD,56000.0,55000.0,2.0,4.0,248.0,27.0,36.0,1650.0,114.0,4950.0
BMW,Serie 5 Touring,Station Wagon,Europe,RWD,60000.0,59000.0,2.0,4.0,248.0,26.0,35.0,1700.0,114.0,5000.0
BMW,Serie 6 Gran Turismo,Hatchback,Europe,RWD,67000.0,66000.0,3.0,6.0,335.0,23.0,31.0,1800.0,115.0,5050.0
BMW,Serie 7,Sedan,Europe,RWD,90000.0,88000.0,4.4,8.0,523.0,20.0,27.0,2000.0,121.0,5300.0
BMW,Serie 8 Coupé,Coupe,Europe,RWD,85000.0,83000.0,4.4,8.0,523.0,19.0,26.0,1850.0,114.0,4900.0
BMW,Serie X1,SUV,Europe,AWD,37000.0,36000.0,2.0,4.0,228.0,26.0,33.0,1600.0,110.0,4500.0
BMW,Serie X3,SUV,Europe,AWD,51000.0,50000.0,3.0,6.0,382.0,23.0,30.0,1800.0,115.0,4900.0
BMW,Serie X4,SUV,Europe,AWD,56000.0,55000.0,3.0,6.0,382.0,22.0,29.0,1850.0,115.0,4950.0
BMW,Serie X5,SUV,Europe,AWD,70000.0,68000.0,4.4,8.0,523.0,19.0,25.0,2100.0,121.0,5300.0
BMW,Serie X6,SUV,Europe,AWD,72000.0,70000.0,4.4,8.0,523.0,18.0,24.0,2150.0,121.0,5350.0
BMW,X7,SUV,Europe,AWD,95000.0,92000.0,3.0,6,340.0,20.0,27.0,2430.0,310.0,5151.0
BMW,Z4 Roadster,Convertible,Europe,RWD,49000.0,48000.0,3.0,6.0,382.0,25.0,33.0,1600.0,110.0,4400.0
BMW,i3,Hatchback,Europe,RWD,45000.0,43000.0,0.0,0,170.0,0.0,0.0,1365.0,257.0,4011.0
BMW,iX3,SUV,Europe,RWD,68000.0,66000.0,0.0,0,286.0,0.0,0.0,2185.0,286.0,4734.0
BMW,X5 4.4i,SUV,Europe,All,52195.0,47720.0,4.4,8.0,325.0,16.0,22.0,4824.0,111.0,184.0
BMW,325i 4dr,Sedan,Europe,Rear,28495.0,26155.0,2.5,6.0,184.0,20.0,29.0,3219.0,107.0,176.0
BMW,325Ci 2dr,Sedan,Europe,Rear,30795.0,28245.0,2.5,6.0,184.0,20.0,29.0,3197.0,107.0,177.0
BMW,325Ci convertible 2dr,Sedan,Europe,Rear,37995.0,34800.0,2.5,6.0,184.0,19.0,27.0,3560.0,107.0,177.0
BMW,325xi 4dr,Sedan,Europe,All,30245.0,27745.0,2.5,6.0,184.0,19.0,27.0,3461.0,107.0,176.0
BMW,330i 4dr,Sedan,Europe,Rear,35495.0,32525.0,3.0,6.0,225.0,20.0,30.0,3285.0,107.0,176.0
BMW,330Ci 2dr,Sedan,Europe,Rear,36995.0,33890.0,3.0,6.0,225.0,20.0,30.0,3285.0,107.0,176.0
BMW,330xi 4dr,Sedan,Europe,All,37245.0,34115.0,3.0,6.0,225.0,20.0,29.0,3483.0,107.0,176.0
BMW,525i 4dr,Sedan,Europe,Rear,39995.0,36620.0,2.5,6.0,184.0,19.0,28.0,3428.0,114.0,191.0
BMW,330Ci convertible 2dr,Sedan,Europe,Rear,44295.0,40530.0,3.0,6.0,225.0,19.0,28.0,3616.0,107.0,177.0
BMW,530i 4dr,Sedan,Europe,Rear,44995.0,41170.0,3.0,6.0,225.0,20.0,30.0,3472.0,114.0,191.0
BMW,545iA 4dr,Sedan,Europe,Rear,54995.0,50270.0,4.4,8.0,325.0,18.0,26.0,3814.0,114.0,191.0
BMW,745i 4dr,Sedan,Europe,Rear,69195.0,63190.0,4.4,8.0,325.0,18.0,26.0,4376.0,118.0,198.0
BMW,745Li 4dr,Sedan,Europe,Rear,73195.0,66830.0,4.4,8.0,325.0,18.0,26.0,4464.0,123.0,204.0
BMW,M3 coupe 2dr,Sports,Europe,Rear,48195.0,44170.0,3.2,6.0,333.0,16.0,24.0,3415.0,108.0,177.0
BMW,M3 convertible 2dr,Sports,Europe,Rear,56595.0,51815.0,3.2,6.0,333.0,16.0,23.0,3781.0,108.0,177.0
BMW,Z4 convertible 2.5i 2dr,Sports,Europe,Rear,33895.0,31065.0,2.5,6.0,184.0,20.0,28.0,2932.0,98.0,161.0
BMW,Z4 convertible 3.0i 2dr,Sports,Europe,Rear,41045.0,37575.0,3.0,6.0,225.0,21.0,29.0,2998.0,98.0,161.0
BMW,325xi Sport,Wagon,Europe,All,32845.0,30110.0,2.5,6.0,184.0,19.0,26.0,3594.0,107.0,176.0
Buick,Rainier,SUV,USA,All,37895.0,34357.0,4.2,6.0,275.0,15.0,21.0,4600.0,113.0,193.0
Buick,Rendezvous CX,SUV,USA,Front,26545.0,24085.0,3.4,6.0,185.0,19.0,26.0,4024.0,112.0,187.0
Buick,Century Custom 4dr,Sedan,USA,Front,22180.0,20351.0,3.1,6.0,175.0,20.0,30.0,3353.0,109.0,195.0
Buick,LeSabre Custom 4dr,Sedan,USA,Front,26470.0,24282.0,3.8,6.0,205.0,20.0,29.0,3567.0,112.0,200.0
Buick,Regal LS 4dr,Sedan,USA,Front,24895.0,22835.0,3.8,6.0,200.0,20.0,30.0,3461.0,109.0,196.0
Buick,Regal GS 4dr,Sedan,USA,Front,28345.0,26047.0,3.8,6.0,240.0,18.0,28.0,3536.0,109.0,196.0
Buick,LeSabre Limited 4dr,Sedan,USA,Front,32245.0,29566.0,3.8,6.0,205.0,20.0,29.0,3591.0,112.0,200.0
Buick,Park Avenue 4dr,Sedan,USA,Front,35545.0,32244.0,3.8,6.0,205.0,20.0,29.0,3778.0,114.0,207.0
Buick,Park Avenue Ultra 4dr,Sedan,USA,Front,40720.0,36927.0,3.8,6.0,240.0,18.0,28.0,3909.0,114.0,207.0
Cadillac,Escalade,SUV,USA,Front,52795.0,48377.0,5.3,8.0,295.0,14.0,18.0,5367.0,116.0,199.0
Cadillac,SRX V8,SUV,USA,Front,46995.0,43523.0,4.6,8.0,320.0,16.0,21.0,4302.0,116.0,195.0
Cadillac,CTS VVT 4dr,Sedan,USA,Rear,30835.0,28575.0,3.6,6.0,255.0,18.0,25.0,3694.0,113.0,190.0
Cadillac,Deville 4dr,Sedan,USA,Front,45445.0,41650.0,4.6,8.0,275.0,18.0,26.0,3984.0,115.0,207.0
Cadillac,Deville DTS 4dr,Sedan,USA,Front,50595.0,46362.0,4.6,8.0,300.0,18.0,26.0,4044.0,115.0,207.0
Cadillac,Seville SLS 4dr,Sedan,USA,Front,47955.0,43841.0,4.6,8.0,275.0,18.0,26.0,3992.0,112.0,201.0
Cadillac,XLR convertible 2dr,Sports,USA,Rear,76200.0,70546.0,4.6,8.0,320.0,17.0,25.0,3647.0,106.0,178.0
Cadillac,Escalade EXT,Truck,USA,All,52975.0,48541.0,6.0,8.0,345.0,13.0,17.0,5879.0,130.0,221.0
Chevrolet,Suburban 1500 LT,SUV,USA,Front,42735.0,37422.0,5.3,8.0,295.0,14.0,18.0,4947.0,130.0,219.0
Chevrolet,Tahoe LT,SUV,USA,All,41465.0,36287.0,5.3,8.0,295.0,14.0,18.0,5050.0,116.0,197.0
Chevrolet,TrailBlazer LT,SUV,USA,Front,30295.0,27479.0,4.2,6.0,275.0,16.0,21.0,4425.0,113.0,192.0
Chevrolet,Tracker,SUV,USA,Front,20255.0,19108.0,2.5,6.0,165.0,19.0,22.0,2866.0,98.0,163.0
Chevrolet,Aveo 4dr,Sedan,USA,Front,11690.0,10965.0,1.6,4.0,103.0,28.0,34.0,2370.0,98.0,167.0
Chevrolet,Aveo LS 4dr hatch,Sedan,USA,Front,12585.0,11802.0,1.6,4.0,103.0,28.0,34.0,2348.0,98.0,153.0
Chevrolet,Cavalier 2dr,Sedan,USA,Front,14610.0,13697.0,2.2,4.0,140.0,26.0,37.0,2617.0,104.0,183.0
Chevrolet,Cavalier 4dr,Sedan,USA,Front,14810.0,13884.0,2.2,4.0,140.0,26.0,37.0,2676.0,104.0,183.0
Chevrolet,Cavalier LS 2dr,Sedan,USA,Front,16385.0,15357.0,2.2,4.0,140.0,26.0,37.0,2617.0,104.0,183.0
Chevrolet,Impala 4dr,Sedan,USA,Front,21900.0,20095.0,3.4,6.0,180.0,21.0,32.0,3465.0,111.0,200.0
Chevrolet,Malibu 4dr,Sedan,USA,Front,18995.0,17434.0,2.2,4.0,145.0,24.0,34.0,3174.0,106.0,188.0
Chevrolet,Malibu LS 4dr,Sedan,USA,Front,20370.0,18639.0,3.5,6.0,200.0,22.0,30.0,3297.0,106.0,188.0
Chevrolet,Monte Carlo LS 2dr,Sedan,USA,Front,21825.0,20026.0,3.4,6.0,180.0,21.0,32.0,3340.0,111.0,198.0
Chevrolet,Impala LS 4dr,Sedan,USA,Front,25000.0,22931.0,3.8,6.0,200.0,20.0,30.0,3476.0,111.0,200.0
Chevrolet,Impala SS 4dr,Sedan,USA,Front,27995.0,25672.0,3.8,6.0,240.0,18.0,28.0,3606.0,111.0,200.0
Chevrolet,Malibu LT 4dr,Sedan,USA,Front,23495.0,21551.0,3.5,6.0,200.0,23.0,32.0,3315.0,106.0,188.0
Chevrolet,Monte Carlo SS 2dr,Sedan,USA,Front,24225.0,22222.0,3.8,6.0,200.0,18.0,28.0,3434.0,111.0,198.0
Chevrolet,Astro,Sedan,USA,All,26395.0,23954.0,4.3,6.0,190.0,14.0,17.0,4605.0,111.0,190.0
Chevrolet,Venture LS,Sedan,USA,Front,27020.0,24518.0,3.4,6.0,185.0,19.0,26.0,3699.0,112.0,187.0
Chevrolet,Corvette 2dr,Sports,USA,Rear,44535.0,39068.0,5.7,8.0,350.0,18.0,25.0,3246.0,105.0,180.0
Chevrolet,Corvette convertible 2dr,Sports,USA,Rear,51535.0,45193.0,5.7,8.0,350.0,18.0,25.0,3248.0,105.0,180.0
Chevrolet,Avalanche 1500,Truck,USA,All,36100.0,31689.0,5.3,8.0,295.0,14.0,18.0,5678.0,130.0,222.0
Chevrolet,Colorado Z85,Truck,USA,All,18760.0,17070.0,2.8,4.0,175.0,18.0,23.0,3623.0,111.0,192.0
Chevrolet,Silverado 1500 Regular Cab,Truck,USA,Rear,20310.0,18480.0,4.3,6.0,200.0,15.0,21.0,4142.0,119.0,206.0
Chevrolet,Silverado SS,Truck,USA,All,40340.0,35399.0,6.0,8.0,300.0,13.0,17.0,4804.0,144.0,238.0
Chevrolet,SSR,Truck,USA,Rear,41995.0,39306.0,5.3,8.0,300.0,16.0,19.0,4760.0,116.0,191.0
Chevrolet,Malibu Maxx LS,Wagon,USA,Front,22225.0,20394.0,3.5,6.0,200.0,22.0,30.0,3458.0,112.0,188.0
Chrysler,PT Cruiser 4dr,Sedan,USA,Front,17985.0,16919.0,2.4,4.0,150.0,22.0,29.0,3101.0,103.0,169.0
Chrysler,PT Cruiser Limited 4dr,Sedan,USA,Front,22000.0,20573.0,2.4,4.0,150.0,22.0,29.0,3105.0,103.0,169.0
Chrysler,Sebring 4dr,Sedan,USA,Front,19090.0,17805.0,2.4,4.0,150.0,22.0,30.0,3173.0,108.0,191.0
Chrysler,Sebring Touring 4dr,Sedan,USA,Front,21840.0,20284.0,2.7,6.0,200.0,21.0,28.0,3222.0,108.0,191.0
Chrysler,300M 4dr,Sedan,USA,Front,29865.0,27797.0,3.5,6.0,250.0,18.0,27.0,3581.0,113.0,198.0
Chrysler,Concorde LX 4dr,Sedan,USA,Front,24130.0,22452.0,2.7,6.0,200.0,21.0,29.0,3479.0,113.0,208.0
Chrysler,Concorde LXi 4dr,Sedan,USA,Front,26860.0,24909.0,3.5,6.0,232.0,19.0,27.0,3548.0,113.0,208.0
Chrysler,PT Cruiser GT 4dr,Sedan,USA,Front,25955.0,24172.0,2.4,4.0,220.0,21.0,27.0,3217.0,103.0,169.0
Chrysler,Sebring convertible 2dr,Sedan,USA,Front,25215.0,23451.0,2.4,4.0,150.0,22.0,30.0,3357.0,106.0,194.0
Chrysler,300M Special Edition 4dr,Sedan,USA,Front,33295.0,30884.0,3.5,6.0,255.0,18.0,27.0,3650.0,113.0,198.0
Chrysler,Sebring Limited convertible 2dr,Sedan,USA,Front,30950.0,28613.0,2.7,6.0,200.0,21.0,28.0,3448.0,106.0,194.0
Chrysler,Town and Country LX,Sedan,USA,Front,27490.0,25371.0,3.3,6.0,180.0,19.0,26.0,4068.0,119.0,201.0
Chrysler,Town and Country Limited,Sedan,USA,Front,38380.0,35063.0,3.8,6.0,215.0,18.0,25.0,4331.0,119.0,201.0
Chrysler,Crossfire 2dr,Sports,USA,Rear,34495.0,32033.0,3.2,6.0,215.0,17.0,25.0,3060.0,95.0,160.0
Chrysler,Pacifica,Wagon,USA,Rear,31230.0,28725.0,3.5,6.0,250.0,17.0,23.0,4675.0,116.0,199.0
Citroën,Berlingo,Minivan,Europe,FWD,28000.0,26500.0,1.5,4,100.0,34.0,45.0,1420.0,278.0,4403.0
Citroën,Berlingo 4 porte,Minivan,Europe,FWD,29000.0,27500.0,1.5,4,102.0,34.0,45.0,1440.0,278.0,4753.0
Citroën,C-Elysée,Sedan,Europe,FWD,21000.0,20000.0,1.2,3,82.0,38.0,51.0,1100.0,265.0,4419.0
Citroën,C1,Hatchback,Europe,FWD,16000.0,15500.0,1.0,3,72.0,40.0,56.0,950.0,234.0,3466.0
Citroën,C1 Airscape 5 porte,Hatchback,Europe,FWD,17000.0,16500.0,1.0,3,72.0,40.0,56.0,960.0,234.0,3475.0
Citroën,C3,Hatchback,Europe,FWD,19000.0,18000.0,1.2,3,83.0,39.0,54.0,1050.0,254.0,3996.0
Citroën,C3 Aircross,SUV,Europe,FWD,23000.0,22000.0,1.2,3,110.0,37.0,50.0,1200.0,260.0,4155.0
Citroën,C4,Hatchback,Europe,FWD,25000.0,24000.0,1.2,3,130.0,36.0,49.0,1250.0,267.0,4360.0
Citroën,ë-C4,Hatchback,Europe,FWD,35000.0,34000.0,0.0,0,136.0,0.0,0.0,1541.0,267.0,4360.0
Citroën,C4 Cactus,Hatchback,Europe,FWD,24000.0,23000.0,1.2,3,110.0,37.0,50.0,1170.0,259.0,4170.0
Citroën,C4 SpaceTourer,Minivan,Europe,FWD,31000.0,29500.0,1.5,4,130.0,35.0,48.0,1350.0,278.0,4438.0
Citroën,Grand C4 SpaceTourer,Minivan,Europe,FWD,34000.0,32500.0,1.5,4,130.0,34.0,47.0,1500.0,284.0,4600.0
Citroën,C5 Aircross,SUV,Europe,FWD,32000.0,30500.0,1.5,4,130.0,34.0,47.0,1400.0,273.0,4500.0
Citroën,C5 Aircross Hybrid,SUV,Europe,FWD,40000.0,38000.0,1.6,4,224.0,24.0,34.0,1770.0,273.0,4500.0
Citroën,SpaceTourer,Van,Europe,FWD,48000.0,46000.0,2.0,4,145.0,29.0,39.0,1700.0,327.0,4956.0
Citroën,SpaceTourer 5 porte,Van,Europe,FWD,49000.0,47000.0,2.0,4,145.0,29.0,39.0,1720.0,327.0,5309.0
CUPRA,Ateca,SUV,Europe,AWD,42000.0,40000.0,2.0,4.0,300.0,18.0,25.0,1550.0,263.0,4390.0
CUPRA,Formentor,SUV,Europe,AWD,45000.0,43000.0,2.0,4.0,310.0,19.0,26.0,1580.0,264.0,4450.0
CUPRA,Leon,Hatchback,Europe,FWD,35000.0,33500.0,2.0,4.0,290.0,21.0,28.0,1450.0,263.0,4350.0
CUPRA,Leon Sportstourer,Station Wagon,Europe,FWD,37000.0,35500.0,2.0,4.0,290.0,20.0,27.0,1500.0,263.0,4600.0
Kia,Ceed,Hatchback,Asia,FWD,23000.0,22000.0,1.6,4.0,140.0,29.0,38.0,1300.0,105.0,4300.0
Kia,Ceed Tourer,Station Wagon,Asia,FWD,25000.0,24000.0,1.6,4.0,140.0,28.0,36.0,1350.0,105.0,4350.0
Kia,Ceed Tourer ibrido plug-in,Station Wagon,Asia,FWD,32000.0,31000.0,1.6,4.0,141.0,36.0,41.0,1450.0,105.0,4350.0
Kia,Niro,SUV,Asia,FWD,28000.0,27000.0,1.6,4.0,139.0,52.0,49.0,1500.0,105.0,4350.0
Kia,Niro Plug-in Hybrid,SUV,Asia,FWD,35000.0,34000.0,1.6,4.0,139.0,46.0,44.0,1550.0,105.0,4350.0
Kia,New Sorento,SUV,Asia,AWD,45000.0,44000.0,2.5,4.0,277.0,22.0,27.0,1900.0,115.0,4800.0
Kia,Optima PHEV,Sedan,Asia,FWD,37000.0,36000.0,2.0,4.0,206.0,42.0,39.0,1600.0,112.0,4850.0
Kia,Optima SW PHEV,Station Wagon,Asia,FWD,39000.0,38000.0,2.0,4.0,206.0,41.0,38.0,1650.0,112.0,4900.0
Kia,Picanto,City,Asia,FWD,13000.0,12500.0,1.0,3.0,67.0,35.0,42.0,1000.0,95.0,3600.0
Kia,ProCeed,Hatchback,Asia,FWD,28000.0,27000.0,1.6,4.0,201.0,26.0,35.0,1450.0,105.0,4350.0
Kia,Rio,Hatchback,Asia,FWD,17000.0,16500.0,1.2,4.0,84.0,33.0,41.0,1100.0,95.0,3900.0
Kia,Sportage,SUV,Asia,FWD,30000.0,29000.0,2.0,4.0,181.0,23.0,29.0,1600.0,110.0,4500.0
Kia,Stinger,Sedan,Asia,RWD,42000.0,41000.0,3.3,6.0,365.0,18.0,25.0,1750.0,110.0,4700.0
Kia,Stonic,SUV,Asia,FWD,20000.0,19500.0,1.0,3.0,118.0,32.0,39.0,1200.0,105.0,4100.0
Kia,XCeed,Hatchback,Asia,FWD,27000.0,26000.0,1.6,4.0,138.0,26.0,33.0,1400.0,105.0,4350.0
Kia,XCeed ibrido plug-in,Hatchback,Asia,FWD,32000.0,31000.0,1.6,4.0,141.0,38.0,44.0,1450.0,105.0,4350.0
Kia,e-Niro,SUV,Asia,FWD,35000.0,34000.0,0.0,0.0,201.0,1000.0,1000.0,1700.0,110.0,4350.0
Kia,e-Soul,SUV,Asia,FWD,33000.0,32000.0,0.0,0.0,201.0,1000.0,1000.0,1650.0,110.0,4350.0
Kia,ceed,Hatchback,Asia,FWD,23000.0,21500.0,1.5,4.0,160.0,30.0,42.0,2800.0,106.3,172.0
Kia,Ceed Tourer,Wagon,Asia,FWD,24500.0,22800.0,1.5,4.0,160.0,30.0,42.0,2900.0,106.3,180.0
Kia,Ceed Tourer ibrido plug-in,Wagon,Asia,FWD,29000.0,27000.0,1.6,4.0,141.0,33.0,44.0,3050.0,106.3,180.0
Kia,Niro,SUV,Asia,FWD,26500.0,24800.0,1.6,4.0,141.0,53.0,48.0,3150.0,106.3,172.0
Kia,Niro Plug-in Hybrid,SUV,Asia,FWD,31000.0,29500.0,1.6,4.0,141.0,48.0,44.0,3300.0,106.3,172.0
Kia,New Sorento,SUV,Asia,AWD,40000.0,38000.0,2.2,4.0,202.0,24.0,31.0,3950.0,110.8,190.0
Kia,Optima PHEV,Sedan,Asia,FWD,35500.0,33500.0,2.0,4.0,202.0,40.0,45.0,3450.0,110.4,191.0
Kia,Optima SW PHEV,Wagon,Asia,FWD,37000.0,35000.0,2.0,4.0,202.0,40.0,45.0,3600.0,110.4,191.0
Kia,picanto,Hatchback,Asia,FWD,16000.0,15000.0,1.0,3.0,67.0,36.0,49.0,2100.0,94.5,141.0
Kia,ProCeed,Wagon,Asia,FWD,28000.0,26500.0,1.6,4.0,204.0,28.0,40.0,3100.0,106.3,180.0
Kia,Rio,Hatchback,Asia,FWD,19500.0,18200.0,1.2,4.0,84.0,34.0,46.0,2400.0,101.6,160.0
Kia,Sportage,SUV,Asia,AWD,32000.0,30000.0,1.6,4.0,150.0,28.0,35.0,3550.0,105.5,176.0
Kia,stinger,Sedan,Asia,RWD,45500.0,43000.0,3.3,6.0,368.0,18.0,25.0,4000.0,114.4,190.0
Kia,Stonic,Crossover,Asia,FWD,23500.0,22000.0,1.0,3.0,100.0,33.0,44.0,2750.0,101.2,163.0
Kia,XCeed,Hatchback,Asia,FWD,27000.0,25500.0,1.5,4.0,160.0,32.0,45.0,2950.0,105.5,173.0
Land Rover,Defender 90,SUV,Europe,4WD,55000.0,54000.0,2.0,4.0,296.0,22.0,28.0,2100.0,302.0,4600.0  
Land Rover,Defender 110,SUV,Europe,4WD,60000.0,59000.0,3.0,6.0,395.0,20.0,25.0,2200.0,302.0,4900.0  
Land Rover,Defender 130,SUV,Europe,4WD,65000.0,64000.0,3.0,6.0,395.0,19.0,24.0,2250.0,312.0,5200.0  
Land Rover,Discovery,SUV,Europe,4WD,57000.0,56000.0,3.0,6.0,355.0,18.0,24.0,2100.0,290.0,4900.0  
Land Rover,Discovery Sport,SUV,Europe,4WD,48000.0,47000.0,2.0,4.0,246.0,22.0,28.0,1900.0,275.0,4600.0  
Land Rover,Range Rover Evoque,SUV,Europe,4WD,45000.0,44000.0,2.0,4.0,246.0,22.0,27.0,1850.0,270.0,4400.0  
Land Rover,Range Rover Velar,SUV,Europe,4WD,65000.0,64000.0,3.0,6.0,380.0,19.0,25.0,2050.0,290.0,4800.0  
Land Rover,Range Rover Sport,SUV,Europe,4WD,85000.0,84000.0,5.0,8.0,510.0,17.0,22.0,2300.0,310.0,5200.0  
Land Rover,Range Rover Sport PHEV,SUV,Europe,4WD,88000.0,87000.0,2.0,4.0,404.0,23.0,27.0,2300.0,310.0,5200.0  
Land Rover,Range Rover,SUV,Europe,4WD,95000.0,94000.0,5.0,8.0,557.0,16.0,21.0,2450.0,315.0,5300.0  
Land Rover,Range Rover PHEV,SUV,Europe,4WD,98000.0,97000.0,3.0,6.0,398.0,20.0,25.0,2450.0,315.0,5300.0  
Land Rover,Defender V8,SUV,Europe,4WD,110000.0,108000.0,5.0,8.0,518.0,15.0,21.0,2300.0,312.0,5100.0  
Land Rover,Discovery TD6,SUV,Europe,4WD,62000.0,61000.0,3.0,6.0,254.0,21.0,27.0,2200.0,298.0,4900.0  
Land Rover,Discovery HSE,SUV,Europe,4WD,58000.0,57000.0,2.0,4.0,296.0,23.0,29.0,2100.0,295.0,4850.0  
Land Rover,Range Rover SVAutobiography,SUV,Europe,4WD,200000.0,198000.0,5.0,8.0,557.0,15.0,20.0,2600.0,320.0,5400.0  
Land Rover,Range Rover Autobiography,SUV,Europe,4WD,130000.0,128000.0,5.0,8.0,510.0,16.0,22.0,2500.0,318.0,5300.0  
Land Rover,Range Rover Velar R-Dynamic,SUV,Europe,4WD,67000.0,66000.0,3.0,6.0,380.0,18.0,24.0,2050.0,290.0,4800.0  
Land Rover,Range Rover Evoque Convertible,SUV,Europe,4WD,52000.0,51000.0,2.0,4.0,246.0,22.0,27.0,1850.0,270.0,4400.0  
Land Rover,Discovery Sport SE,SUV,Europe,4WD,50000.0,49000.0,2.0,4.0,246.0,21.0,27.0,1950.0,275.0,4600.0  
Land Rover,Range Rover Sport SVR,SUV,Europe,4WD,115000.0,113000.0,5.0,8.0,575.0,14.0,20.0,2350.0,315.0,5250.0  
Lexus,CT 200h,Hatchback,Europe,FWD,35000.0,34000.0,1.8,4.0,134.0,30.0,37.0,1400.0,260.0,4350.0  
Lexus,IS 300,Sedan,Europe,RWD,42000.0,41000.0,2.0,4.0,241.0,21.0,29.0,1600.0,280.0,4650.0  
Lexus,IS 350,Sedan,Europe,RWD,47000.0,46000.0,3.5,6.0,311.0,19.0,26.0,1700.0,280.0,4700.0  
Lexus,LC 500,Coupe,Europe,RWD,92000.0,90000.0,5.0,8.0,471.0,16.0,24.0,1900.0,287.0,4770.0  
Lexus,LS 500,Sedan,Europe,RWD,76000.0,75000.0,3.5,6.0,415.0,19.0,26.0,2100.0,310.0,5200.0  
Lexus,NX 300h,SUV,Europe,AWD,45000.0,44000.0,2.5,4.0,194.0,28.0,34.0,1850.0,275.0,4650.0  
Lexus,RC 300h,Coupe,Europe,RWD,43000.0,42000.0,2.5,4.0,220.0,27.0,33.0,1600.0,270.0,4600.0  
Lexus,RX 450h,SUV,Europe,AWD,60000.0,59000.0,3.5,6.0,308.0,22.0,28.0,2000.0,290.0,4950.0  
Lexus,RX 350,SUV,Europe,AWD,58000.0,57000.0,3.5,6.0,295.0,19.0,26.0,1950.0,290.0,4900.0  
Lexus,UX 250h,SUV,Europe,AWD,38000.0,37000.0,2.0,4.0,181.0,30.0,36.0,1600.0,270.0,4400.0  
Lexus,ES 300h,Sedan,Europe,FWD,43000.0,42000.0,2.5,4.0,215.0,28.0,34.0,1700.0,275.0,4800.0  
Lexus,GX 460,SUV,Europe,AWD,57000.0,56000.0,4.6,8.0,301.0,15.0,18.0,2500.0,300.0,5050.0  
Lexus,LX 570,SUV,Europe,AWD,90000.0,89000.0,5.7,8.0,383.0,13.0,17.0,2800.0,315.0,5200.0  
Lexus,RC F,Coupe,Europe,RWD,65000.0,64000.0,5.0,8.0,472.0,16.0,23.0,1750.0,270.0,4550.0  
Lexus,LS 500h,Sedan,Europe,RWD,80000.0,79000.0,3.5,6.0,354.0,23.0,30.0,2150.0,315.0,5250.0  
Lexus,NX 350,SUV,Europe,AWD,46000.0,45000.0,2.4,4.0,275.0,21.0,28.0,1900.0,280.0,4700.0  
Lexus,RX 500h,SUV,Europe,AWD,67000.0,66000.0,3.5,6.0,367.0,22.0,28.0,2100.0,290.0,5000.0  
Lexus,UX 200,SUV,Europe,FWD,35000.0,34000.0,2.0,4.0,169.0,30.0,36.0,1550.0,265.0,4350.0  
Lexus,ES 250,Sedan,Europe,FWD,39000.0,38000.0,2.5,4.0,203.0,27.0,33.0,1650.0,270.0,4800.0  
Lexus,GS 350,Sedan,Europe,RWD,54000.0,53000.0,3.5,6.0,311.0,20.0,27.0,1850.0,280.0,4900.0  
Maserati,Ghibli,Sedan,Europe,RWD,90000.0,88000.0,3.0,6.0,345.0,15.0,22.0,1850.0,300.0,4970.0
Maserati,Quattroporte,Sedan,Europe,RWD,110000.0,108000.0,3.0,6.0,424.0,14.0,21.0,1950.0,312.0,5460.0
Maserati,Levante,SUV,Europe,AWD,85000.0,83000.0,3.0,6.0,350.0,16.0,23.0,2100.0,299.0,5000.0
Maserati,Levante Trofeo,SUV,Europe,AWD,140000.0,138000.0,3.8,8.0,590.0,13.0,19.0,2150.0,299.0,5000.0
Maserati,GranTurismo,Coupe,Europe,RWD,150000.0,148000.0,4.7,8.0,460.0,14.0,21.0,1850.0,285.0,4870.0
Maserati,MC20,Coupe,Europe,RWD,210000.0,208000.0,3.0,6.0,630.0,11.0,18.0,1670.0,280.0,4660.0
Maserati,GranCabrio,Convertible,Europe,RWD,160000.0,158000.0,4.7,8.0,460.0,14.0,22.0,1850.0,285.0,4870.0
Maserati,Quattroporte Trofeo,Sedan,Europe,RWD,170000.0,168000.0,3.8,8.0,580.0,12.0,19.0,1950.0,312.0,5460.0
Maserati,Levante Hybrid,SUV,Europe,AWD,90000.0,88000.0,2.0,4.0,330.0,18.0,24.0,2100.0,299.0,5000.0
Maserati,Alfieri,Concept,Europe,RWD,250000.0,245000.0,3.0,6.0,610.0,12.0,19.0,1600.0,275.0,4600.0
Maserati,Bitrent,Crossover,Europe,AWD,120000.0,118000.0,3.0,6.0,450.0,16.0,22.0,2000.0,290.0,4950.0
Maserati,Levante S,SUV,Europe,AWD,95000.0,93000.0,3.0,6.0,430.0,15.0,22.0,2100.0,299.0,5000.0
Maserati,GranTurismo Folgore,Electric,Europe,RWD,180000.0,178000.0,0.0,0.0,1200.0,0.0,0.0,1900.0,285.0,4900.0
Maserati,MC20 Cielo,Convertible,Europe,RWD,230000.0,228000.0,3.0,6.0,630.0,11.0,18.0,1670.0,280.0,4660.0
Maserati,Quattroporte S,Sedan,Europe,RWD,115000.0,113000.0,3.0,6.0,424.0,14.0,21.0,1950.0,312.0,5460.0
Mercedes-Benz,A-Class,Sedan,Europe,FWD,33000.0,32000.0,1.3,4.0,163.0,28.0,36.0,1350.0,106.0,4400.0
Mercedes-Benz,CLA Coupé,Coupé,Europe,FWD,38000.0,37000.0,2.0,4.0,221.0,25.0,34.0,1450.0,110.0,4600.0
Mercedes-Benz,C-Class,Sedan,Europe,RWD,41000.0,40000.0,2.0,4.0,255.0,23.0,33.0,1600.0,111.0,4700.0
Mercedes-Benz,E-Class,Sedan,Europe,RWD,54000.0,53000.0,2.0,4.0,255.0,22.0,31.0,1750.0,115.0,4900.0
Mercedes-Benz,G-Class,SUV,Europe,AWD,130000.0,128000.0,4.0,8.0,416.0,14.0,18.0,2500.0,130.0,5100.0
Mercedes-Benz,G500,SUV,Europe,All,76870.0,71540.0,5.0,8.0,292.0,13.0,14.0,5423.0,112.0,186.0
Mercedes-Benz,ML500,SUV,Europe,All,46470.0,43268.0,5.0,8.0,288.0,14.0,17.0,4874.0,111.0,183.0
Mercedes-Benz,C230 Sport 2dr,Sedan,Europe,Rear,26060.0,24249.0,1.8,4.0,189.0,22.0,30.0,3250.0,107.0,178.0
Mercedes-Benz,C320 Sport 2dr,Sedan,Europe,Rear,28370.0,26435.0,3.2,6.0,215.0,19.0,26.0,3430.0,107.0,178.0
Mercedes-Benz,C240 4dr,Sedan,Europe,Rear,32280.0,30071.0,2.6,6.0,168.0,20.0,25.0,3360.0,107.0,178.0
Mercedes-Benz,C240 4dr,Sedan,Europe,All,33480.0,31187.0,2.6,6.0,168.0,19.0,25.0,3360.0,107.0,178.0
Mercedes-Benz,C320 Sport 4dr,Sedan,Europe,Rear,35920.0,33456.0,3.2,6.0,215.0,19.0,26.0,3430.0,107.0,178.0
Mercedes-Benz,C320 4dr,Sedan,Europe,Rear,37630.0,35046.0,3.2,6.0,215.0,20.0,26.0,3450.0,107.0,178.0
Mercedes-Benz,C320 4dr,Sedan,Europe,All,38830.0,36162.0,3.2,6.0,215.0,19.0,27.0,3450.0,107.0,178.0
Mercedes-Benz,C32 AMG 4dr,Sedan,Europe,Rear,52120.0,48522.0,3.2,6.0,349.0,16.0,21.0,3540.0,107.0,178.0
Mercedes-Benz,CL500 2dr,Sedan,Europe,Rear,94820.0,88324.0,5.0,8.0,302.0,16.0,24.0,4085.0,114.0,196.0
Mercedes-Benz,CL600 2dr,Sedan,Europe,Rear,128420.0,119600.0,5.5,12.0,493.0,13.0,19.0,4473.0,114.0,196.0
Mercedes-Benz,CLK320 coupe 2dr (convertible),Sedan,Europe,Rear,45707.0,41966.0,3.2,6.0,215.0,20.0,26.0,3770.0,107.0,183.0
Mercedes-Benz,CLK500 coupe 2dr (convertible),Sedan,Europe,Rear,52800.0,49104.0,5.0,8.0,302.0,17.0,22.0,3585.0,107.0,183.0
Mercedes-Benz,E320 4dr,Sedan,Europe,Rear,48170.0,44849.0,3.2,6.0,221.0,19.0,27.0,3635.0,112.0,190.0
Mercedes-Benz,E500 4dr,Sedan,Europe,Rear,57270.0,53382.0,5.0,8.0,302.0,16.0,20.0,3815.0,112.0,190.0
Mercedes-Benz,S430 4dr,Sedan,Europe,Rear,74320.0,69168.0,4.3,8.0,275.0,18.0,26.0,4160.0,122.0,203.0
Mercedes-Benz,S500 4dr,Sedan,Europe,All,86970.0,80939.0,5.0,8.0,302.0,16.0,24.0,4390.0,122.0,203.0
Mercedes-Benz,SL500 convertible 2dr,Sports,Europe,Rear,90520.0,84325.0,5.0,8.0,302.0,16.0,23.0,4065.0,101.0,179.0
Mercedes-Benz,SL55 AMG 2dr,Sports,Europe,Rear,121770.0,113388.0,5.5,8.0,493.0,14.0,21.0,4235.0,101.0,179.0
Mercedes-Benz,SL600 convertible 2dr,Sports,Europe,Rear,126670.0,117854.0,5.5,12.0,493.0,13.0,19.0,4429.0,101.0,179.0
Mercedes-Benz,SLK230 convertible 2dr,Sports,Europe,Rear,40320.0,37548.0,2.3,4.0,192.0,21.0,29.0,3055.0,95.0,158.0
Mercedes-Benz,SLK32 AMG 2dr,Sports,Europe,Rear,56170.0,52289.0,3.2,6.0,349.0,17.0,22.0,3220.0,95.0,158.0
Mercedes-Benz,C240,Wagon,Europe,Rear,33780.0,31466.0,2.6,6.0,168.0,19.0,25.0,3470.0,107.0,179.0
Mercedes-Benz,E320,Wagon,Europe,Rear,50670.0,47174.0,3.2,6.0,221.0,19.0,27.0,3966.0,112.0,190.0
Mercedes-Benz,E500,Wagon,Europe,All,60670.0,56474.0,5.0,8.0,302.0,16.0,24.0,4230.0,112.0,190.0
MINI,Cooper,Hatchback,Europe,FWD,23000.0,22000.0,1.5,3.0,134.0,28.0,37.0,1200.0,98.0,3800.0
MINI,Cooper Countryman,SUV,Europe,AWD,32000.0,31000.0,2.0,4.0,189.0,25.0,32.0,1400.0,105.0,4300.0
MINI,Cooper Clubman,Wagon,Europe,FWD,28000.0,27000.0,1.5,3.0,134.0,27.0,36.0,1300.0,100.0,4100.0
MINI,John Cooper Works,Performance,Europe,AWD,40000.0,39000.0,2.0,4.0,301.0,23.0,31.0,1450.0,108.0,4500.0
Opel,Corsa,Hatchback,Europe,FWD,18000.0,17500.0,1.2,4.0,75.0,29.0,37.0,1100.0,98.0,3950.0
Opel,Astra,Sedan,Europe,FWD,22000.0,21000.0,1.4,4.0,145.0,26.0,34.0,1300.0,106.0,4400.0
Opel,Mokka,SUV,Europe,FWD,26000.0,25000.0,1.2,4.0,130.0,25.0,31.0,1450.0,105.0,4300.0
Opel,Corsa,Hatchback,Europe,Front,19000.0,17500.0,1.2,3.0,100.0,37.0,50.5,1090.0,253.0,4060.0
Opel,Astra,Hatchback,Europe,Front,24000.0,22500.0,1.5,4.0,130.0,33.5,43.0,1290.0,267.0,4370.0
Opel,Grandland,SUV,Europe,AWD,36000.0,34000.0,1.6,4.0,180.0,30.0,39.0,1500.0,267.0,4470.0
Opel,Mokka,SUV,Europe,Front,27000.0,25000.0,1.2,3.0,130.0,32.5,42.0,1280.0,256.0,4150.0
Opel,Crossland,SUV,Europe,Front,24500.0,23000.0,1.2,3.0,110.0,34.0,44.0,1250.0,260.0,4210.0
Opel,Zafira Life,Van,Europe,Front,42000.0,39500.0,2.0,4.0,145.0,25.5,33.5,1900.0,328.0,4950.0
Opel,Combo Life,Van,Europe,Front,28000.0,26000.0,1.5,4.0,100.0,33.5,42.5,1460.0,278.0,4403.0
Peugeot,208,Hatchback,Europe,FWD,18000.0,17000.0,1.2,3.0,100.0,31.0,40.0,1090.0,254.0,4055.0
Peugeot,208 GT,Hatchback,Europe,FWD,23000.0,21500.0,1.2,3.0,130.0,30.0,38.0,1130.0,254.0,4060.0
Peugeot,e-208,Hatchback,Europe,FWD,32000.0,30500.0,0.0,0.0,136.0,105.0,115.0,1455.0,254.0,4055.0
Peugeot,2008,SUV,Europe,FWD,22000.0,20500.0,1.2,3.0,110.0,29.0,37.0,1205.0,260.0,4300.0
Peugeot,3008,SUV,Europe,FWD,31000.0,29500.0,1.6,4.0,180.0,26.0,34.0,1440.0,268.0,4447.0
Peugeot,3008 Hybrid,SUV,Europe,AWD,41000.0,39500.0,1.6,4.0,225.0,28.0,36.0,1680.0,268.0,4450.0
Peugeot,5008,SUV,Europe,FWD,35000.0,33500.0,1.6,4.0,180.0,25.0,33.0,1500.0,284.0,4641.0
Peugeot,308,Hatchback,Europe,FWD,25000.0,23500.0,1.2,3.0,130.0,30.0,38.0,1260.0,267.0,4360.0
Peugeot,308 SW,Wagon,Europe,FWD,27000.0,25500.0,1.2,3.0,130.0,29.0,37.0,1310.0,273.0,4635.0
Peugeot,508,Sedan,Europe,FWD,37000.0,35000.0,1.6,4.0,180.0,26.0,35.0,1420.0,280.0,4750.0
Peugeot,508 SW,Wagon,Europe,FWD,39000.0,36500.0,1.6,4.0,180.0,25.0,34.0,1500.0,284.0,4790.0
Peugeot,508 Hybrid,Sedan,Europe,FWD,45000.0,43000.0,1.6,4.0,225.0,27.0,35.0,1700.0,280.0,4750.0
Peugeot,508 SW Hybrid,Wagon,Europe,FWD,47000.0,45000.0,1.6,4.0,225.0,26.0,34.0,1750.0,284.0,4790.0
Peugeot,Rifter,Van,Europe,FWD,27000.0,25500.0,1.5,4.0,100.0,32.0,42.0,1400.0,278.0,4403.0
Peugeot,Traveller,Van,Europe,FWD,48000.0,46000.0,2.0,4.0,150.0,28.0,36.0,1900.0,327.0,4956.0
Renault,Clio,Hatchback,Europe,FWD,18500.0,17200.0,1.0,3.0,90.0,35.0,47.0,1090.0,258.0,4050.0
Renault,Clio E-Tech Hybrid,Hatchback,Europe,FWD,22000.0,20700.0,1.6,4.0,140.0,54.0,61.0,1240.0,258.0,4050.0
Renault,Captur,SUV,Europe,FWD,21500.0,20200.0,1.0,3.0,100.0,33.0,43.0,1200.0,264.0,4227.0
Renault,Captur E-Tech Plug-in Hybrid,SUV,Europe,FWD,31500.0,29900.0,1.6,4.0,160.0,55.0,67.0,1500.0,264.0,4230.0
Renault,Mégane,Hatchback,Europe,FWD,23000.0,21500.0,1.3,4.0,140.0,32.0,42.0,1290.0,267.0,4359.0
Renault,Mégane Sporter,Wagon,Europe,FWD,25000.0,23500.0,1.3,4.0,140.0,31.0,41.0,1320.0,273.0,4626.0
Renault,Mégane E-Tech Electric,Hatchback,Europe,FWD,39000.0,37500.0,0.0,0.0,218.0,100.0,110.0,1636.0,270.0,4200.0
Renault,Austral,SUV,Europe,FWD,32000.0,30500.0,1.2,3.0,130.0,34.0,44.0,1425.0,267.0,4510.0
Renault,Austral E-Tech Hybrid,SUV,Europe,FWD,36000.0,34200.0,1.2,3.0,200.0,52.0,58.0,1570.0,267.0,4510.0
Renault,Arkana,SUV,Europe,FWD,29000.0,27500.0,1.3,4.0,140.0,33.0,43.0,1350.0,272.0,4568.0
Renault,Talisman,Sedan,Europe,FWD,37000.0,35200.0,1.8,4.0,160.0,28.0,36.0,1500.0,281.0,4840.0
Renault,Talisman Sporter,Wagon,Europe,FWD,39000.0,37000.0,1.8,4.0,160.0,27.0,35.0,1550.0,284.0,4865.0
Renault,Espace,SUV,Europe,FWD,47000.0,45000.0,1.3,4.0,200.0,29.0,37.0,1700.0,288.0,4722.0
Renault,Scénic,MPV,Europe,FWD,27000.0,25500.0,1.3,4.0,140.0,32.0,42.0,1450.0,278.0,4406.0
Renault,Grand Scénic,MPV,Europe,FWD,29500.0,28000.0,1.3,4.0,140.0,31.0,41.0,1500.0,284.0,4634.0
Dacia,Duster,SUV,Europe,4WD,18000.0,17500.0,1.3,4.0,130.0,20.0,27.0,1300.0,267.0,4340.0
Dacia,Dokker,Van,Europe,FWD,14000.0,13500.0,1.3,4.0,95.0,25.0,31.0,1200.0,281.0,4380.0
Dacia,Lodgy,MPV,Europe,FWD,16000.0,15500.0,1.3,4.0,115.0,22.0,28.0,1250.0,281.0,4500.0
Dacia,Logan,Sedan,Europe,FWD,13000.0,12500.0,1.0,3.0,75.0,29.0,36.0,1100.0,263.0,4420.0
Dacia,Logan MCV,Station Wagon,Europe,FWD,13500.0,13000.0,1.0,3.0,75.0,27.0,34.0,1120.0,263.0,4550.0
Dacia,Logan MCV Stepway,Station Wagon,Europe,FWD,14500.0,14000.0,1.3,4.0,90.0,25.0,30.0,1150.0,263.0,4550.0
Dacia,Sandero,Hatchback,Europe,FWD,12000.0,11500.0,1.0,3.0,75.0,30.0,37.0,1080.0,245.0,4100.0
Dacia,Sandero Stepway,Hatchback,Europe,FWD,13000.0,12500.0,1.3,4.0,90.0,27.0,33.0,1100.0,245.0,4100.0
Dacia,Dokker 5 porte,Van,Europe,FWD,14500.0,14000.0,1.3,4.0,95.0,24.0,30.0,1200.0,281.0,4380.0
DS,DS 3 Crossback,SUV,Europe,FWD,34000.0,32000.0,1.2,3.0,155.0,22.0,28.0,1350.0,256.0,4100.0
DS,DS 3 Crossback E-Tense,SUV,Europe,FWD,39000.0,37000.0,0.0,0.0,136.0,0.0,0.0,1400.0,256.0,4100.0
DS,DS 7 Crossback,SUV,Europe,FWD,47000.0,45000.0,1.6,4.0,225.0,20.0,27.0,1650.0,273.0,4550.0
DS,DS 7 Crossback E-Tense,SUV,Europe,AWD,55000.0,53000.0,1.6,4.0,300.0,18.0,25.0,1750.0,273.0,4600.0
Dodge,Durango SLT,SUV,USA,All,32235.0,29472.0,4.7,8.0,230.0,15.0,21.0,4987.0,119.0,201.0
Dodge,Neon SE 4dr,Sedan,USA,Front,13670.0,12849.0,2.0,4.0,132.0,29.0,36.0,2581.0,105.0,174.0
Dodge,Neon SXT 4dr,Sedan,USA,Front,15040.0,14086.0,2.0,4.0,132.0,29.0,36.0,2626.0,105.0,174.0
Dodge,Intrepid SE 4dr,Sedan,USA,Front,22035.0,20502.0,2.7,6.0,200.0,21.0,29.0,3469.0,113.0,204.0
Dodge,Stratus SXT 4dr,Sedan,USA,Front,18820.0,17512.0,2.4,4.0,150.0,21.0,28.0,3182.0,108.0,191.0
Dodge,Stratus SE 4dr,Sedan,USA,Front,20220.0,18821.0,2.4,4.0,150.0,21.0,28.0,3175.0,108.0,191.0
Dodge,Intrepid ES 4dr,Sedan,USA,Front,24885.0,23058.0,3.5,6.0,232.0,18.0,27.0,3487.0,113.0,204.0
Dodge,Caravan SE,Sedan,USA,Front,21795.0,20508.0,2.4,4.0,150.0,20.0,26.0,3862.0,113.0,189.0
Dodge,Grand Caravan SXT,Sedan,USA,All,32660.0,29812.0,3.8,6.0,215.0,18.0,25.0,4440.0,119.0,201.0
Dodge,Viper SRT-10 convertible 2dr,Sports,USA,Rear,81795.0,74451.0,8.3,10.0,500.0,12.0,20.0,3410.0,99.0,176.0
Dodge,Dakota Regular Cab,Truck,USA,Rear,17630.0,16264.0,3.7,6.0,210.0,16.0,22.0,3714.0,112.0,193.0
Dodge,Dakota Club Cab,Truck,USA,Rear,20300.0,18670.0,3.7,6.0,210.0,16.0,22.0,3829.0,131.0,219.0
Dodge,Ram 1500 Regular Cab ST,Truck,USA,Rear,20215.0,18076.0,3.7,6.0,215.0,16.0,21.0,4542.0,121.0,208.0
Ferrari,F12 Berlinetta,Coupe,Europe,RWD,320000.0,300000.0,6.3,12.0,730.0,12.0,18.0,1585.0,270.0,4650.0
Ferrari,California T,Cabriolet,Europe,RWD,190000.0,180000.0,3.9,8.0,560.0,15.0,22.0,1645.0,267.0,4540.0
Ferrari,GTC4Lusso,Shooting Brake,Europe,AWD,260000.0,250000.0,6.3,12.0,680.0,14.0,20.0,1905.0,294.0,4900.0
Ferrari,488 Spider,Cabriolet,Europe,RWD,230000.0,220000.0,3.9,8.0,670.0,15.0,21.0,1475.0,265.0,4560.0
Ferrari,488 GTB,Coupe,Europe,RWD,240000.0,230000.0,3.9,8.0,670.0,15.0,21.0,1475.0,265.0,4560.0
Ferrari,Portofino,Cabriolet,Europe,RWD,215000.0,205000.0,3.9,8.0,600.0,16.0,23.0,1600.0,267.0,4567.0
Ferrari,812 Superfast,Coupe,Europe,RWD,340000.0,320000.0,6.5,12.0,800.0,11.0,17.0,1635.0,282.0,4650.0
Ferrari,F8 Tributo,Coupe,Europe,RWD,280000.0,270000.0,3.9,8.0,720.0,15.0,22.0,1435.0,265.0,4560.0
Ferrari,F8 Spider,Cabriolet,Europe,RWD,290000.0,280000.0,3.9,8.0,720.0,15.0,22.0,1460.0,265.0,4560.0
Ferrari,Monza SP1,Roadster,Europe,RWD,1800000.0,1750000.0,6.5,12.0,810.0,11.0,17.0,1485.0,269.0,4550.0
Ferrari,Monza SP2,Roadster,Europe,RWD,1850000.0,1800000.0,6.5,12.0,810.0,11.0,17.0,1485.0,269.0,4550.0
Ferrari,LaFerrari,Hypercar,Europe,AWD,3500000.0,3400000.0,6.3,12.0,950.0,14.0,20.0,1580.0,277.0,4700.0
Ferrari,458 Italia,Coupe,Europe,RWD,230000.0,220000.0,4.5,8.0,570.0,14.0,20.0,1425.0,265.0,4540.0
Ferrari,458 Spider,Cabriolet,Europe,RWD,240000.0,230000.0,4.5,8.0,570.0,14.0,20.0,1450.0,265.0,4540.0
Ferrari,488 Pista,Coupe,Europe,RWD,320000.0,310000.0,3.9,8.0,710.0,14.0,20.0,1400.0,265.0,4560.0
Ferrari,California,Cabriolet,Europe,RWD,200000.0,190000.0,4.3,8.0,490.0,16.0,23.0,1600.0,267.0,4540.0
Ferrari,360 Modena,Coupe,Europe,RWD,90000.0,85000.0,3.6,8.0,400.0,15.0,22.0,1400.0,260.0,4480.0
Ferrari,F430,Coupe,Europe,RWD,120000.0,115000.0,4.3,8.0,490.0,15.0,22.0,1450.0,260.0,4480.0
Ferrari,F430 Spider,Cabriolet,Europe,RWD,130000.0,125000.0,4.3,8.0,490.0,15.0,22.0,1475.0,260.0,4480.0
Ferrari,F355,Coupe,Europe,RWD,110000.0,105000.0,3.5,8.0,375.0,15.0,22.0,1425.0,260.0,4480.0
Fiat,500,Hatchback,Europe,FWD,15000.0,14000.0,1.2,4.0,69.0,30.0,38.0,1050.0,230.0,3570.0
Fiat,500C,Convertible,Europe,FWD,17000.0,16000.0,1.2,4.0,69.0,28.0,36.0,1100.0,230.0,3570.0
Fiat,500L,Hatchback,Europe,FWD,20000.0,19000.0,1.4,4.0,95.0,27.0,34.0,1350.0,260.0,4100.0
Fiat,500L Cross,SUV,Europe,FWD,21000.0,20000.0,1.4,4.0,95.0,26.0,33.0,1380.0,260.0,4150.0
Fiat,500X,Hatchback,Europe,AWD,23000.0,22000.0,1.3,4.0,150.0,25.0,32.0,1400.0,260.0,4250.0
Fiat,500X Cross,SUV,Europe,AWD,24000.0,23000.0,1.3,4.0,150.0,24.0,31.0,1420.0,260.0,4250.0
Fiat,500X Lounge,SUV,Europe,AWD,24500.0,23500.0,1.3,4.0,150.0,24.0,31.0,1430.0,260.0,4250.0
Fiat,500X Sport,SUV,Europe,AWD,25000.0,24000.0,1.3,4.0,177.0,22.0,29.0,1450.0,260.0,4250.0
Fiat,Panda,Hatchback,Europe,FWD,14000.0,13000.0,1.0,3.0,69.0,33.0,41.0,980.0,230.0,3650.0
Fiat,Panda 4x4,SUV,Europe,AWD,17000.0,16000.0,0.9,3.0,85.0,30.0,38.0,1050.0,230.0,3700.0
Fiat,Panda City Cross,SUV,Europe,FWD,16000.0,15000.0,1.0,3.0,69.0,32.0,40.0,1000.0,230.0,3650.0
Fiat,Qubo,MPV,Europe,FWD,16000.0,15000.0,1.4,4.0,77.0,28.0,35.0,1350.0,265.0,4030.0
Fiat,Tipo,Sedan,Europe,FWD,18000.0,17000.0,1.4,4.0,95.0,27.0,35.0,1400.0,260.0,4500.0
Fiat,Tipo 5 porte,Hatchback,Europe,FWD,18000.0,17000.0,1.4,4.0,95.0,27.0,35.0,1400.0,260.0,4500.0
Fiat,Tipo Station Wagon,Station Wagon,Europe,FWD,19000.0,18000.0,1.4,4.0,95.0,27.0,35.0,1450.0,260.0,4600.0
Fiat,500L Trekking,SUV,Europe,FWD,21000.0,20000.0,1.4,4.0,95.0,26.0,33.0,1380.0,260.0,4150.0
Fiat,Bravo,Hatchback,Europe,FWD,20000.0,19000.0,1.4,4.0,120.0,26.0,33.0,1350.0,260.0,4200.0
Fiat,Croma,Sedan,Europe,FWD,25000.0,24000.0,1.8,4.0,140.0,23.0,30.0,1600.0,270.0,4700.0
Fiat,Freemont,SUV,Europe,AWD,30000.0,29000.0,2.4,4.0,170.0,21.0,28.0,1800.0,280.0,4800.0
Fiat,Doblo,MPV,Europe,FWD,22000.0,21000.0,1.6,4.0,105.0,24.0,31.0,1600.0,270.0,4500.0
Ford,EcoSport,SUV,Europe,AWD,23000.0,22000.0,1.5,3.0,123.0,24.0,30.0,1400.0,250.0,4200.0  
Ford,Explorer,SUV,Europe,AWD,55000.0,53000.0,3.0,6.0,365.0,18.0,24.0,2100.0,300.0,5050.0  
Ford,Fiesta,Hatchback,Europe,FWD,17000.0,16000.0,1.0,3.0,120.0,30.0,36.0,1150.0,250.0,3950.0  
Ford,Fiesta 3 porte,Hatchback,Europe,FWD,16500.0,15500.0,1.0,3.0,120.0,30.0,36.0,1130.0,250.0,3950.0  
Ford,Focus,Hatchback,Europe,FWD,22000.0,21000.0,1.5,4.0,180.0,27.0,34.0,1400.0,270.0,4350.0  
Ford,Focus SportBreak,Station Wagon,Europe,FWD,24000.0,23000.0,1.5,4.0,180.0,26.0,33.0,1420.0,270.0,4400.0  
Ford,Galaxy,MPV,Europe,FWD,35000.0,34000.0,2.0,4.0,240.0,22.0,28.0,1700.0,280.0,4950.0  
Ford,Grand Tourneo Connect,MPV,Europe,FWD,32000.0,31000.0,1.5,4.0,120.0,24.0,30.0,1650.0,280.0,4950.0  
Ford,Mondeo,Sedan,Europe,FWD,27000.0,26000.0,2.0,4.0,190.0,24.0,31.0,1600.0,280.0,4800.0  
Ford,Mondeo Ibrida Elettrica,Sedan,Europe,FWD,33000.0,32000.0,2.0,4.0,190.0,28.0,35.0,1650.0,280.0,4800.0  
Ford,Mondeo Electric Hybrid Sportbreak,Station Wagon,Europe,FWD,35000.0,34000.0,2.0,4.0,190.0,28.0,35.0,1700.0,280.0,4850.0  
Ford,Mondeo Sportbreak,Station Wagon,Europe,FWD,28000.0,27000.0,2.0,4.0,190.0,24.0,31.0,1650.0,280.0,4800.0  
Ford,Mustang Decappottabile,Cabriolet,North America,RWD,55000.0,53000.0,5.0,8.0,450.0,15.0,24.0,1650.0,270.0,4700.0  
Ford,Mustang Fastback,Coupe,North America,RWD,54000.0,52000.0,5.0,8.0,450.0,15.0,24.0,1650.0,270.0,4700.0  
Ford,Kuga,SUV,Europe,FWD,32000.0,31000.0,1.5,4.0,180.0,26.0,32.0,1550.0,270.0,4450.0  
Ford,Mustang Mach-E,SUV,North America,AWD,50000.0,49000.0,0.0,0.0,480.0,95.0,120.0,2100.0,290.0,4700.0  
Ford,Puma,SUV,Europe,FWD,28000.0,27000.0,1.0,3.0,125.0,28.0,34.0,1350.0,260.0,4100.0  
Ford,S-Max,MPV,Europe,FWD,34000.0,33000.0,2.0,4.0,240.0,22.0,28.0,1750.0,280.0,4950.0  
Ford,Tourneo Connect,MPV,Europe,FWD,31000.0,30000.0,1.5,4.0,120.0,24.0,30.0,1650.0,280.0,4950.0  
Ford,Ranger,Pickup,North America,AWD,35000.0,34000.0,2.3,4.0,270.0,20.0,26.0,2000.0,300.0,5200.0  
Ford,Ranger Raptor,Pickup,North America,AWD,55000.0,54000.0,2.0,4.0,310.0,18.0,24.0,2100.0,300.0,5200.0  
Ford,F-150,Pickup,North America,AWD,60000.0,58000.0,3.5,6.0,400.0,17.0,23.0,2300.0,320.0,5600.0  
Ford,F-150 Raptor,Pickup,North America,AWD,70000.0,68000.0,3.5,6.0,450.0,15.0,21.0,2400.0,320.0,5700.0  
Ford,C-Max,MPV,Europe,FWD,25000.0,24000.0,1.5,4.0,182.0,25.0,32.0,1400.0,270.0,4350.0  
Ford,C-Max Hybrid,MPV,Europe,FWD,28000.0,27000.0,2.0,4.0,188.0,28.0,35.0,1450.0,270.0,4350.0  
Ford,Transit Connect,Van,Europe,FWD,28000.0,27000.0,1.5,4.0,122.0,24.0,30.0,1650.0,280.0,4950.0  
Ford,Transit Custom,Van,Europe,FWD,35000.0,34000.0,2.0,4.0,170.0,22.0,27.0,1800.0,290.0,5300.0  
Ford,Transit,Van,Europe,RWD,32000.0,31000.0,3.5,6.0,290.0,18.0,23.0,2100.0,300.0,5700.0  
Ford,GT,Supercar,North America,RWD,450000.0,440000.0,3.5,6.0,647.0,15.0,22.0,1400.0,270.0,4700.0  
Ford,Cougar,Coupe,Europe,FWD,27000.0,26000.0,2.0,4.0,170.0,24.0,30.0,1550.0,260.0,4400.0  
Ford,Orion,Sedan,Europe,FWD,22000.0,21000.0,1.6,4.0,90.0,28.0,35.0,1400.0,260.0,4350.0  
Ford,Sierra,Sedan,Europe,RWD,24000.0,23000.0,2.0,4.0,105.0,24.0,30.0,1550.0,270.0,4450.0  
Ford,Escort,Hatchback,Europe,FWD,20000.0,19000.0,1.8,4.0,130.0,26.0,32.0,1400.0,260.0,4300.0  
Ford,Taurus,Sedan,North America,FWD,33000.0,32000.0,3.5,6.0,288.0,22.0,28.0,1800.0,280.0,4850.0  
Ford,Flex,SUV,North America,AWD,40000.0,39000.0,3.5,6.0,287.0,18.0,24.0,2000.0,300.0,5000.0  
Ford,Freestyle,Crossover,North America,AWD,38000.0,37000.0,3.5,6.0,263.0,18.0,24.0,1900.0,290.0,4900.0  
Ford,Focus RS,Hatchback,Europe,AWD,39000.0,38000.0,2.3,4.0,350.0,20.0,26.0,1500.0,270.0,4300.0  
Ford,Focus ST,Hatchback,Europe,FWD,30000.0,29000.0,2.0,4.0,250.0,24.0,30.0,1400.0,270.0,4300.0  
Ford,Edge,SUV,North America,FWD,36000.0,35000.0,2.0,4.0,250.0,22.0,28.0,1850.0,290.0,4850.0  
Ford,Edge ST,SUV,North America,AWD,45000.0,44000.0,2.7,6.0,335.0,19.0,25.0,1950.0,290.0,4850.0  
Ford,Bronco,SUV,North America,AWD,42000.0,41000.0,2.3,4.0,270.0,20.0,25.0,2000.0,300.0,4800.0  
Ford,Bronco Sport,SUV,North America,AWD,32000.0,31000.0,1.5,3.0,181.0,23.0,28.0,1650.0,280.0,4400.0  
GMC,Envoy XUV SLE,SUV,USA,Front,31890.0,28922.0,4.2,6.0,275.0,15.0,19.0,4945.0,129.0,208.0
GMC,Yukon 1500 SLE,SUV,USA,Front,35725.0,31361.0,4.8,8.0,285.0,16.0,19.0,5042.0,116.0,199.0
GMC,Yukon XL 2500 SLT,SUV,USA,All,46265.0,40534.0,6.0,8.0,325.0,13.0,17.0,6133.0,130.0,219.0
GMC,Safari SLE,Sedan,USA,Rear,25640.0,23215.0,4.3,6.0,190.0,16.0,20.0,4309.0,111.0,190.0
GMC,Canyon Z85 SL Regular Cab,Truck,USA,Rear,16530.0,14877.0,2.8,4.0,175.0,18.0,25.0,3351.0,111.0,192.0
GMC,Sierra Extended Cab 1500,Truck,USA,Rear,25717.0,22604.0,4.8,8.0,285.0,17.0,20.0,4548.0,144.0,230.0
GMC,Sierra HD 2500,Truck,USA,All,29322.0,25759.0,6.0,8.0,300.0,13.0,18.0,5440.0,133.0,222.0
GMC,Sonoma Crew Cab,Truck,USA,All,25395.0,23043.0,4.3,6.0,190.0,15.0,19.0,4083.0,123.0,208.0
Honda,Civic,Hatchback,Asia,FWD,23000.0,22000.0,2.0,4.0,158.0,30.0,38.0,1300.0,270.0,4510.0  
Honda,Civic Sedan,Sedan,Asia,FWD,24000.0,23000.0,2.0,4.0,158.0,32.0,40.0,1320.0,270.0,4510.0  
Honda,Accord,Sedan,Asia,FWD,28000.0,27000.0,1.5,4.0,192.0,29.0,38.0,1450.0,280.0,4900.0  
Honda,Accord Hybrid,Sedan,Asia,FWD,31000.0,30000.0,2.0,4.0,212.0,44.0,47.0,1500.0,280.0,4900.0  
Honda,CR-V,SUV,Asia,AWD,32000.0,31000.0,1.5,4.0,190.0,28.0,34.0,1600.0,270.0,4580.0  
Honda,CR-V Hybrid,SUV,Asia,AWD,35000.0,34000.0,2.0,4.0,212.0,40.0,44.0,1650.0,270.0,4580.0  
Honda,HR-V,SUV,Asia,FWD,22000.0,21000.0,1.8,4.0,141.0,28.0,34.0,1400.0,270.0,4300.0  
Honda,Fit,Hatchback,Asia,FWD,17000.0,16000.0,1.5,4.0,130.0,33.0,40.0,1100.0,260.0,4000.0  
Honda,Insight,Sedan,Asia,FWD,26000.0,25000.0,1.5,4.0,151.0,55.0,52.0,1350.0,270.0,4450.0  
Honda,Pilot,SUV,Asia,AWD,45000.0,44000.0,3.5,6.0,280.0,20.0,27.0,2100.0,300.0,5000.0  
Honda,Odyssey,Minivan,Asia,FWD,35000.0,34000.0,3.5,6.0,280.0,22.0,28.0,1900.0,290.0,5200.0  
Honda,Passport,SUV,Asia,AWD,35000.0,34000.0,3.5,6.0,280.0,20.0,25.0,2050.0,300.0,4850.0  
Honda,Ridgeline,Pickup,Asia,AWD,36000.0,35000.0,3.5,6.0,280.0,18.0,24.0,2100.0,300.0,5200.0  
Honda,Civic Type R,Hatchback,Asia,FWD,38000.0,37000.0,2.0,4.0,306.0,22.0,28.0,1400.0,270.0,4400.0  
Honda,CR-Z,Hatchback,Asia,FWD,26000.0,25000.0,1.5,4.0,130.0,35.0,39.0,1300.0,270.0,4200.0  
Honda,Clarity Plug-In Hybrid,Sedan,Asia,FWD,36000.0,35000.0,1.5,4.0,212.0,44.0,47.0,1500.0,280.0,4800.0  
Honda,CR-V Turbo,SUV,Asia,AWD,34000.0,33000.0,1.5,4.0,190.0,28.0,34.0,1600.0,270.0,4600.0  
Honda,Integra,Sedan,Asia,FWD,27000.0,26000.0,1.5,4.0,200.0,30.0,37.0,1400.0,270.0,4500.0  
Honda,Element,SUV,Asia,AWD,28000.0,27000.0,2.4,4.0,166.0,21.0,26.0,1550.0,280.0,4300.0  
Honda,Prelude,Coupe,Asia,FWD,26000.0,25000.0,2.2,4.0,197.0,23.0,30.0,1400.0,270.0,4400.0  
Honda,Odyssey LX,Sedan,Asia,Front,24950.0,22498.0,3.5,6.0,240.0,18.0,25.0,4310.0,118.0,201.0
Honda,Odyssey EX,Sedan,Asia,Front,27450.0,24744.0,3.5,6.0,240.0,18.0,25.0,4365.0,118.0,201.0
Honda,S2000 convertible 2dr,Sports,Asia,Rear,33260.0,29965.0,2.2,4.0,240.0,20.0,25.0,2835.0,95.0,162.0
Hummer,H2,SUV,USA,All,49995.0,45815.0,6.0,8.0,316.0,10.0,12.0,6400.0,123.0,190.0
Hyundai,Elantra,Sedan,Asia,FWD,22000.0,21000.0,2.0,4.0,147.0,31.0,41.0,1300.0,270.0,4620.0  
Hyundai,Sonata,Sedan,Asia,FWD,28000.0,27000.0,2.5,4.0,191.0,27.0,37.0,1450.0,280.0,4900.0  
Hyundai,Ioniq,Sedan,Asia,FWD,33000.0,32000.0,1.6,4.0,104.0,59.0,58.0,1400.0,270.0,4600.0  
Hyundai,Kona,SUV,Asia,FWD,25000.0,24000.0,2.0,4.0,147.0,28.0,32.0,1400.0,260.0,4150.0  
Hyundai,Tucson,SUV,Asia,FWD,30000.0,29000.0,2.5,4.0,187.0,26.0,33.0,1600.0,280.0,4600.0  
Hyundai,Palisade,SUV,Asia,AWD,45000.0,44000.0,3.8,6.0,291.0,19.0,24.0,2100.0,290.0,5000.0  
Hyundai,Santa Fe,SUV,Asia,AWD,35000.0,34000.0,2.5,4.0,191.0,24.0,29.0,1800.0,280.0,4700.0  
Hyundai,Veloster,Coupe,Asia,FWD,26000.0,25000.0,2.0,4.0,275.0,28.0,35.0,1300.0,270.0,4200.0  
Hyundai,Nexo,SUV,Asia,FWD,58000.0,57000.0,0.0,0.0,161.0,65.0,58.0,1900.0,280.0,4800.0  
Hyundai,Ioniq 5,SUV,Asia,AWD,45000.0,44000.0,0.0,0.0,225.0,62.0,59.0,1800.0,280.0,4600.0  
Hyundai,Ioniq 6,Sedan,Asia,RWD,45000.0,44000.0,0.0,0.0,320.0,58.0,60.0,1700.0,280.0,4900.0  
Hyundai,Accent,Sedan,Asia,FWD,16000.0,15000.0,1.6,4.0,120.0,33.0,41.0,1200.0,260.0,4350.0  
Hyundai,Kona Electric,SUV,Asia,FWD,38000.0,37000.0,0.0,0.0,201.0,58.0,60.0,1550.0,270.0,4150.0  
Hyundai,Tucson Hybrid,SUV,Asia,AWD,37000.0,36000.0,1.6,4.0,226.0,33.0,38.0,1650.0,280.0,4600.0  
Hyundai,Venue,SUV,Asia,FWD,19000.0,18000.0,1.6,4.0,121.0,28.0,33.0,1350.0,260.0,4100.0  
Hyundai,Santa Cruz,Pickup,Asia,AWD,35000.0,34000.0,2.5,4.0,275.0,20.0,26.0,1850.0,280.0,4800.0  
Hyundai,Elantra N,Sedan,Asia,FWD,33000.0,32000.0,2.0,4.0,276.0,22.0,28.0,1400.0,270.0,4600.0  
Hyundai,Venue N Line,SUV,Asia,FWD,21000.0,20000.0,1.6,4.0,195.0,25.0,30.0,1350.0,260.0,4100.0  
Hyundai,Ioniq Plug-In Hybrid,Sedan,Asia,FWD,35000.0,34000.0,1.6,4.0,139.0,52.0,54.0,1400.0,270.0,4600.0  
Hyundai,Tucson N Line,SUV,Asia,AWD,40000.0,39000.0,2.5,4.0,275.0,22.0,28.0,1650.0,280.0,4600.0  
Hyundai,Grandeur,Sedan,Asia,FWD,35000.0,34000.0,3.3,6.0,290.0,21.0,29.0,1700.0,280.0,4950.0  
Hyundai,Santa Fe Hybrid,SUV,Asia,AWD,36000.0,35000.0,1.6,4.0,226.0,33.0,38.0,1800.0,280.0,4700.0  
Hyundai,Kona N,SUV,Asia,FWD,35000.0,34000.0,2.0,4.0,276.0,22.0,28.0,1400.0,270.0,4200.0  
Hyundai,Elantra Hybrid,Sedan,Asia,FWD,28000.0,27000.0,1.6,4.0,139.0,53.0,56.0,1350.0,270.0,4620.0  
Hyundai,i30,Hatchback,Asia,FWD,21000.0,20000.0,1.5,4.0,160.0,29.0,37.0,1300.0,270.0,4300.0  
Hyundai,i30 N,Hatchback,Asia,FWD,32000.0,31000.0,2.0,4.0,275.0,25.0,30.0,1400.0,270.0,4300.0  
Hyundai,i20,Hatchback,Asia,FWD,17000.0,16000.0,1.2,3.0,83.0,33.0,39.0,1200.0,260.0,4100.0  
Hyundai,i10,Hatchback,Asia,FWD,15000.0,14000.0,1.0,3.0,66.0,35.0,41.0,1100.0,260.0,3800.0  
Hyundai,Nexo FCEV,SUV,Asia,FWD,60000.0,59000.0,0.0,0.0,161.0,64.0,59.0,1900.0,280.0,4800.0  
Hyundai,Veloster N,Coupe,Asia,FWD,34000.0,33000.0,2.0,4.0,275.0,24.0,30.0,1400.0,270.0,4200.0  
Infiniti,Q50,Sedan,Asia,RWD,45000.0,44000.0,3.0,6.0,300.0,20.0,29.0,1700.0,280.0,4850.0  
Infiniti,Q60,Coupe,Asia,RWD,47000.0,46000.0,3.0,6.0,300.0,19.0,28.0,1650.0,280.0,4700.0  
Infiniti,QX50,SUV,Asia,AWD,40000.0,39000.0,2.0,4.0,268.0,23.0,29.0,1700.0,280.0,4700.0  
Infiniti,QX55,SUV,Asia,AWD,43000.0,42000.0,2.0,4.0,268.0,23.0,29.0,1750.0,280.0,4750.0  
Infiniti,QX60,SUV,Asia,AWD,55000.0,54000.0,3.5,6.0,295.0,20.0,27.0,1950.0,280.0,4950.0  
Infiniti,QX80,SUV,Asia,AWD,75000.0,74000.0,5.6,8.0,400.0,14.0,20.0,2700.0,320.0,5600.0  
Infiniti,Q30,Hatchback,Asia,FWD,32000.0,31000.0,2.0,4.0,208.0,24.0,32.0,1400.0,270.0,4300.0  
Infiniti,QX70,SUV,Asia,AWD,60000.0,59000.0,3.7,6.0,325.0,16.0,22.0,2100.0,280.0,5000.0  
Infiniti,QX50 Hybrid,SUV,Asia,AWD,45000.0,44000.0,2.0,4.0,268.0,24.0,31.0,1750.0,280.0,4700.0  
Infiniti,Q60 Red Sport,Coupe,Asia,RWD,65000.0,64000.0,3.0,6.0,400.0,19.0,26.0,1650.0,280.0,4700.0  
Infiniti,Q50 Pure,Sedan,Asia,RWD,42000.0,41000.0,2.0,4.0,208.0,23.0,31.0,1650.0,280.0,4850.0  
Infiniti,QX55 Sport,SUV,Asia,AWD,44000.0,43000.0,2.0,4.0,268.0,23.0,29.0,1750.0,280.0,4750.0  
Infiniti,Q70,Sedan,Asia,RWD,55000.0,54000.0,3.7,6.0,330.0,17.0,24.0,1850.0,280.0,4800.0  
Infiniti,QX30,Hatchback,Asia,AWD,35000.0,34000.0,2.0,4.0,208.0,25.0,33.0,1450.0,270.0,4300.0  
Infiniti,QX80 Luxe,SUV,Asia,AWD,80000.0,79000.0,5.6,8.0,400.0,14.0,20.0,2700.0,320.0,5600.0  
Isuzu,D-Max,Pickup,Asia,AWD,32000.0,31000.0,3.0,4.0,190.0,25.0,29.0,2100.0,320.0,5300.0  
Isuzu,Mu-X,SUV,Asia,AWD,35000.0,34000.0,3.0,4.0,190.0,21.0,26.0,2200.0,320.0,4900.0  
Isuzu,D-Max X-Series,Pickup,Asia,AWD,34000.0,33000.0,3.0,4.0,200.0,24.0,28.0,2150.0,320.0,5300.0  
Jaguar,XE,Sedan,Europe,RWD,45000.0,44000.0,2.0,4.0,247.0,23.0,34.0,1580.0,287.0,4680.0  
Jaguar,XF,Sedan,Europe,RWD,60000.0,59000.0,3.0,6.0,380.0,20.0,29.0,1800.0,296.0,4950.0  
Jaguar,XJ,Sedan,Europe,RWD,85000.0,84000.0,5.0,8.0,470.0,17.0,25.0,2100.0,312.0,5200.0  
Jaguar,F-Pace,SUV,Europe,AWD,65000.0,64000.0,3.0,6.0,380.0,19.0,27.0,2000.0,287.0,4800.0  
Jaguar,E-Pace,SUV,Europe,AWD,45000.0,44000.0,2.0,4.0,246.0,22.0,30.0,1700.0,270.0,4400.0  
Jaguar,I-Pace,SUV,Europe,AWD,70000.0,69000.0,0.0,0.0,395.0,80.0,90.0,2100.0,287.0,4680.0  
Jaguar,F-Type,Coupe,Europe,RWD,70000.0,69000.0,5.0,8.0,575.0,16.0,24.0,1650.0,262.0,4460.0  
Jaguar,F-Type Convertible,Cabriolet,Europe,RWD,75000.0,74000.0,5.0,8.0,575.0,16.0,24.0,1680.0,262.0,4490.0  
Jaguar,XE SV Project 8,Sedan,Europe,RWD,150000.0,148000.0,5.0,8.0,592.0,16.0,24.0,1630.0,287.0,4680.0  
Jaguar,Mark X,Sedan,Europe,RWD,50000.0,49000.0,3.0,6.0,340.0,18.0,27.0,1850.0,300.0,5000.0  
Jaguar,Mark II,Sedan,Europe,RWD,48000.0,47000.0,2.5,6.0,220.0,22.0,31.0,1600.0,285.0,4600.0  
Jaguar,X-Type,Sedan,Europe,RWD,40000.0,39000.0,3.0,6.0,240.0,21.0,30.0,1650.0,280.0,4650.0  
Jaguar,F-Pace SVR,SUV,Europe,AWD,85000.0,84000.0,5.0,8.0,550.0,15.0,22.0,2100.0,287.0,4850.0  
Jaguar,E-Type,Coupe,Europe,RWD,120000.0,118000.0,4.2,6.0,265.0,20.0,27.0,1450.0,275.0,4400.0  
Jaguar,F-Type R,Coupe,Europe,RWD,90000.0,88000.0,5.0,8.0,550.0,16.0,23.0,1620.0,262.0,4470.0  
Jaguar,XJ L,Sedan,Europe,RWD,90000.0,88000.0,3.0,6.0,340.0,19.0,28.0,2100.0,312.0,5250.0  
Jaguar,F-Type SVR Convertible,Sport,Europe,RWD,110000.0,108000.0,5.0,8.0,575.0,16.0,24.0,1680.0,262.0,4500.0  
Jaguar,C-X75,Concept,Europe,AWD,1100000.0,1080000.0,1.6,4.0,500.0,60.0,70.0,1600.0,270.0,4400.0  
Jaguar,F-Type P300,Coupe,Europe,RWD,65000.0,63000.0,2.0,4.0,300.0,22.0,30.0,1600.0,262.0,4470.0  
Jaguar,XE P250,Sedan,Europe,RWD,47000.0,46000.0,2.0,4.0,250.0,23.0,34.0,1580.0,287.0,4680.0  
Jaguar,F-Pace P400e,SUV,Europe,AWD,68000.0,67000.0,2.0,4.0,400.0,22.0,28.0,2000.0,287.0,4800.0  
Jaguar,I-Pace EV400,SUV,Europe,AWD,72000.0,71000.0,0.0,0.0,400.0,76.0,85.0,2100.0,287.0,4680.0  
Jaguar,Mark IV,Sedan,Europe,RWD,52000.0,51000.0,3.5,8.0,340.0,18.0,25.0,2100.0,300.0,5000.0  
Jaguar,Mark V,Sedan,Europe,RWD,48000.0,47000.0,3.5,8.0,265.0,19.0,27.0,2000.0,300.0,4900.0  
Jaguar,F-Type P575,Coupe,Europe,RWD,100000.0,98000.0,5.0,8.0,575.0,16.0,24.0,1650.0,262.0,4460.0  
Jeep,Renegade,SUV,Europe,4WD,32000.0,31000.0,1.3,4.0,177.0,24.0,29.0,1500.0,250.0,4233.0  
Jeep,Compass,SUV,Europe,4WD,37000.0,36000.0,2.0,4.0,180.0,22.0,28.0,1700.0,263.0,4400.0  
Jeep,Wrangler,SUV,Europe,4WD,45000.0,44000.0,3.6,6.0,285.0,17.0,23.0,2000.0,270.0,4500.0  
Jeep,Grand Cherokee,SUV,Europe,4WD,60000.0,59000.0,3.6,6.0,295.0,18.0,25.0,2100.0,290.0,4900.0  
Jeep,Grand Cherokee,SUV,Europe,4WD,70000.0,69000.0,5.7,8.0,360.0,14.0,20.0,2300.0,310.0,5100.0  
Jeep,Grand Cherokee Trackhawk,SUV,Europe,4WD,85000.0,84000.0,6.2,8.0,707.0,13.0,18.0,2300.0,310.0,5100.0  
Jeep,Wrangler Unlimited,SUV,Europe,4WD,48000.0,47000.0,3.6,6.0,285.0,17.0,23.0,2100.0,270.0,4600.0  
Jeep,Wrangler Unlimited,SUV,Europe,4WD,52000.0,51000.0,2.0,4.0,270.0,23.0,29.0,1900.0,270.0,4550.0  
Jeep,Gladiator,Pick-up,Europe,4WD,52000.0,51000.0,3.6,6.0,285.0,17.0,23.0,2300.0,290.0,5400.0  
Jeep,Cherokee,SUV,Europe,4WD,36000.0,35000.0,2.4,4.0,180.0,22.0,28.0,1750.0,260.0,4450.0  
Jeep,Cherokee,SUV,Europe,4WD,39000.0,38000.0,3.2,6.0,271.0,18.0,25.0,1850.0,280.0,4550.0  
Jeep,Renegade Trailhawk,SUV,Europe,4WD,34000.0,33000.0,1.3,4.0,177.0,24.0,29.0,1550.0,255.0,4233.0  
Jeep,Compass Trailhawk,SUV,Europe,4WD,40000.0,39000.0,2.0,4.0,180.0,22.0,28.0,1750.0,263.0,4400.0  
Jeep,Grand Cherokee L,SUV,Europe,4WD,68000.0,67000.0,3.6,6.0,290.0,18.0,24.0,2200.0,295.0,5100.0  
Jeep,Grand Cherokee L,SUV,Europe,4WD,72000.0,71000.0,5.7,8.0,357.0,15.0,21.0,2300.0,310.0,5200.0  
Jeep,Grand Cherokee L Summit,SUV,Europe,4WD,78000.0,77000.0,3.6,6.0,290.0,18.0,24.0,2200.0,295.0,5100.0  
Jeep,Wrangler Rubicon,SUV,Europe,4WD,52000.0,51000.0,3.6,6.0,285.0,17.0,23.0,2100.0,270.0,4600.0  
Jeep,Wrangler Rubicon 392,SUV,Europe,4WD,86000.0,85000.0,6.4,8.0,470.0,13.0,18.0,2300.0,310.0,4800.0  
Jeep,Renegade 4xe,SUV,Europe,4WD,40000.0,39000.0,1.3,4.0,240.0,40.0,43.0,1700.0,260.0,4250.0  
Jeep,Compass 4xe,SUV,Europe,4WD,42000.0,41000.0,1.3,4.0,240.0,40.0,43.0,1850.0,265.0,4400.0  
Lincoln,Navigator Luxury,SUV,USA,All,52775.0,46360.0,5.4,8.0,300.0,13.0,18.0,5969.0,119.0,206.0
Lincoln,Aviator Ultimate,SUV,USA,Front,42915.0,39443.0,4.6,8.0,302.0,13.0,18.0,4834.0,114.0,193.0
Lincoln,LS V6 Luxury 4dr,Sedan,USA,Rear,32495.0,29969.0,3.0,6.0,232.0,20.0,26.0,3681.0,115.0,194.0
Lincoln,LS V6 Premium 4dr,Sedan,USA,Rear,36895.0,33929.0,3.0,6.0,232.0,20.0,26.0,3681.0,115.0,194.0
Lincoln,LS V8 Sport 4dr,Sedan,USA,Rear,40095.0,36809.0,3.9,8.0,280.0,17.0,24.0,3768.0,115.0,194.0
Lincoln,LS V8 Ultimate 4dr,Sedan,USA,Rear,43495.0,39869.0,3.9,8.0,280.0,17.0,24.0,3768.0,115.0,194.0
Lincoln,Town Car Signature 4dr,Sedan,USA,Rear,41815.0,38418.0,4.6,8.0,239.0,17.0,25.0,4369.0,118.0,215.0
Lincoln,Town Car Ultimate 4dr,Sedan,USA,Rear,44925.0,41217.0,4.6,8.0,239.0,17.0,25.0,4369.0,118.0,215.0
Lincoln,Town Car Ultimate L 4dr,Sedan,USA,Rear,50470.0,46208.0,4.6,8.0,239.0,17.0,25.0,4474.0,124.0,221.0
Mazda,Mazda2,Hatchback,Europe,FWD,18000.0,17000.0,1.5,4.0,110.0,30.0,36.0,1050.0,245.0,4065.0  
Mazda,Mazda3 Sedan,Sedan,Europe,FWD,22000.0,21000.0,2.0,4.0,155.0,28.0,34.0,1320.0,270.0,4660.0  
Mazda,Mazda3 Hatchback,Hatchback,Europe,FWD,21000.0,20000.0,2.0,4.0,155.0,28.0,34.0,1300.0,270.0,4550.0  
Mazda,Mazda3 Hatchback Turbo,Hatchback,Europe,FWD,26000.0,25000.0,2.5,4.0,186.0,26.0,31.0,1350.0,275.0,4550.0  
Mazda,Mazda6 Sedan,Sedan,Europe,FWD,30000.0,29000.0,2.5,4.0,187.0,25.0,31.0,1480.0,280.0,4870.0  
Mazda,Mazda6 Wagon,Station Wagon,Europe,FWD,32000.0,31000.0,2.5,4.0,187.0,25.0,31.0,1500.0,280.0,4870.0  
Mazda,CX-3,SUV,Europe,FWD,24000.0,23000.0,2.0,4.0,148.0,28.0,34.0,1350.0,270.0,4500.0  
Mazda,CX-3 AWD,SUV,Europe,AWD,26000.0,25000.0,2.0,4.0,148.0,27.0,33.0,1420.0,270.0,4550.0  
Mazda,CX-30,SUV,Europe,FWD,25000.0,24000.0,2.5,4.0,186.0,26.0,31.0,1370.0,275.0,4450.0  
Mazda,CX-30 AWD,SUV,Europe,AWD,27000.0,26000.0,2.5,4.0,186.0,25.0,30.0,1430.0,275.0,4500.0  
Mazda,CX-5,SUV,Europe,FWD,33000.0,32000.0,2.5,4.0,187.0,24.0,29.0,1550.0,280.0,4700.0  
Mazda,CX-5 AWD,SUV,Europe,AWD,35000.0,34000.0,2.5,4.0,187.0,23.0,28.0,1620.0,280.0,4750.0  
Mazda,MX-5 Convertible,Roadster,Europe,RWD,28000.0,27000.0,2.0,4.0,181.0,26.0,34.0,1050.0,230.0,3915.0  
Mazda,MX-5 RF,Roadster,Europe,RWD,29000.0,28000.0,2.0,4.0,181.0,26.0,34.0,1070.0,230.0,3930.0  
Mazda,Mazda CX-9,SUV,Europe,AWD,45000.0,44000.0,2.5,4.0,250.0,22.0,27.0,1900.0,290.0,5050.0  
Mazda,Mazda CX-9 AWD,SUV,Europe,AWD,47000.0,46000.0,2.5,4.0,250.0,21.0,26.0,1950.0,290.0,5100.0  
Mazda,Mazda CX-50,SUV,Europe,AWD,42000.0,41000.0,2.5,4.0,277.0,21.0,26.0,1850.0,290.0,4900.0  
Mazda,Mazda MX-30,SUV,Europe,FWD,35000.0,34000.0,2.0,4.0,143.0,28.0,33.0,1600.0,270.0,4500.0  
Mazda,Mazda MX-30 e-SUV,SUV,Europe,FWD,37000.0,36000.0,0.0,0.0,143.0,75.0,85.0,1650.0,270.0,4500.0  
Mazda,Mazda BT-50,Pickup,Europe,4WD,33000.0,32000.0,3.0,4.0,190.0,23.0,27.0,2100.0,320.0,5400.0  
Mitsubishi,ASX,SUV,Europe,FWD,25000.0,24000.0,2.0,4.0,150.0,27.0,33.0,1450.0,267.0,4350.0  
Mitsubishi,Outlander,SUV,Europe,4WD,32000.0,31000.0,2.4,4.0,166.0,25.0,30.0,1750.0,267.0,4700.0  
Mitsubishi,Outlander PHEV,SUV,Europe,4WD,39000.0,38000.0,2.4,4.0,190.0,40.0,43.0,1850.0,267.0,4700.0  
Mitsubishi,Mirage,Hatchback,Europe,FWD,14000.0,13500.0,1.2,3.0,78.0,35.0,41.0,950.0,240.0,3850.0  
Mitsubishi,Mirage G4,Sedan,Europe,FWD,15000.0,14500.0,1.2,3.0,78.0,33.0,38.0,960.0,240.0,3950.0  
Mitsubishi,L200,Pickup,Europe,4WD,35000.0,34000.0,2.4,4.0,181.0,25.0,30.0,2150.0,305.0,5250.0  
Mitsubishi,Eclipse Cross,SUV,Europe,4WD,33000.0,32000.0,1.5,4.0,165.0,27.0,31.0,1600.0,267.0,4450.0  
Mitsubishi,Space Star,Hatchback,Europe,FWD,13000.0,12500.0,1.2,3.0,78.0,36.0,42.0,900.0,240.0,3800.0  
Mitsubishi,Outlander Sport,SUV,Europe,4WD,28000.0,27000.0,2.0,4.0,148.0,26.0,32.0,1500.0,267.0,4400.0  
Mitsubishi,Pajero,SUV,Europe,4WD,45000.0,44000.0,3.8,6.0,250.0,17.0,21.0,2100.0,300.0,4950.0  
Mitsubishi,Pajero Sport,SUV,Europe,4WD,40000.0,39000.0,2.4,4.0,178.0,22.0,27.0,2000.0,295.0,4900.0  
Mitsubishi,ASX PHEV,SUV,Europe,4WD,36000.0,35000.0,2.0,4.0,190.0,40.0,43.0,1700.0,270.0,4400.0  
Mitsubishi,Outlander Sport PHEV,SUV,Europe,4WD,37000.0,36000.0,2.0,4.0,190.0,39.0,43.0,1750.0,270.0,4450.0  
Mitsubishi,Delica,Duty Van,Europe,4WD,32000.0,31000.0,2.4,4.0,147.0,20.0,25.0,2200.0,300.0,5100.0  
Mitsubishi,Lancer,Sedan,Europe,FWD,21000.0,20000.0,2.0,4.0,152.0,26.0,32.0,1400.0,265.0,4500.0  
Mitsubishi,Mirage Hatchback,Hatchback,Europe,FWD,14500.0,14000.0,1.2,3.0,78.0,35.0,41.0,950.0,240.0,3850.0  
Mitsubishi,Colt,Hatchback,Europe,FWD,15000.0,14500.0,1.5,4.0,109.0,30.0,36.0,1100.0,250.0,4000.0  
Mitsubishi,ASX AWD,SUV,Europe,4WD,27000.0,26000.0,2.0,4.0,150.0,26.0,32.0,1550.0,267.0,4350.0  
Mitsubishi,Outlander AWD,SUV,Europe,4WD,34000.0,33000.0,2.4,4.0,166.0,24.0,29.0,1800.0,267.0,4700.0  
Mitsubishi,Delica D:5,SUV,Europe,4WD,42000.0,41000.0,2.2,4.0,147.0,18.0,22.0,2100.0,290.0,4950.0  
Nissan,Micra,Hatchback,Europe,FWD,15000.0,14500.0,1.0,3.0,92.0,35.0,42.0,980.0,245.0,3850.0
Nissan,Note,Hatchback,Europe,FWD,17000.0,16500.0,1.2,3.0,79.0,34.0,40.0,1030.0,250.0,4000.0
Nissan,Juke,SUV,Europe,FWD,21000.0,20500.0,1.0,3.0,117.0,30.0,37.0,1300.0,255.0,4200.0
Nissan,Juke AWD,SUV,Europe,AWD,23000.0,22500.0,1.0,3.0,117.0,29.0,36.0,1400.0,255.0,4250.0
Nissan,Qashqai,SUV,Europe,FWD,27000.0,26000.0,1.3,4.0,138.0,28.0,34.0,1420.0,265.0,4400.0
Nissan,Qashqai AWD,SUV,Europe,AWD,30000.0,29000.0,1.3,4.0,138.0,27.0,33.0,1500.0,265.0,4450.0
Nissan,Leaf,Hatchback,Europe,FWD,34000.0,33000.0,0.0,0.0,147.0,120.0,130.0,1600.0,270.0,4450.0
Nissan,Leaf e+,Hatchback,Europe,FWD,42000.0,41000.0,0.0,0.0,214.0,110.0,120.0,1650.0,270.0,4500.0
Nissan,Almera,Sedan,Europe,FWD,18000.0,17500.0,1.0,3.0,92.0,36.0,42.0,1100.0,245.0,3950.0
Nissan,Note e-Power,Hatchback,Europe,FWD,22000.0,21500.0,1.2,3.0,129.0,40.0,45.0,1200.0,250.0,4050.0
Nissan,X-Trail,SUV,Europe,AWD,33000.0,32000.0,2.0,4.0,170.0,24.0,29.0,1800.0,270.0,4700.0
Nissan,X-Trail Hybrid,SUV,Europe,AWD,36000.0,35000.0,2.0,4.0,176.0,30.0,33.0,1850.0,270.0,4700.0
Nissan,Navara,Pickup,Europe,4WD,38000.0,37000.0,2.3,4.0,190.0,23.0,27.0,2200.0,320.0,5300.0
Nissan,GT-R,Coupe,Europe,RWD,115000.0,110000.0,3.8,6.0,565.0,16.0,22.0,1740.0,270.0,4680.0
Nissan,370Z,Coupe,Europe,RWD,40000.0,39000.0,3.7,6.0,332.0,19.0,26.0,1560.0,265.0,4250.0
Nissan,Note Aura,Hatchback,Europe,FWD,23000.0,22500.0,1.2,3.0,145.0,38.0,44.0,1180.0,250.0,4050.0
Nissan,Kicks,SUV,Europe,FWD,25000.0,24000.0,1.6,4.0,122.0,29.0,35.0,1350.0,265.0,4300.0
Nissan,Sentra,Sedan,Europe,FWD,21000.0,20500.0,1.8,4.0,130.0,30.0,36.0,1400.0,265.0,4400.0
Nissan,Frontier,Pickup,Europe,4WD,37000.0,36000.0,2.5,4.0,310.0,20.0,25.0,2100.0,320.0,5250.0
Nissan,Armada,SUV,Europe,4WD,67000.0,66000.0,5.6,8.0,400.0,14.0,18.0,2700.0,335.0,5450.0
Nissan,Versa,Sedan,Europe,FWD,16000.0,15500.0,1.6,4.0,122.0,33.0,40.0,1150.0,250.0,3950.0
Nissan,Maxima,Sedan,Europe,FWD,38000.0,37000.0,3.5,6.0,300.0,20.0,28.0,1650.0,270.0,4850.0
Nissan,Pathfinder,SUV,Europe,AWD,42000.0,41000.0,3.5,6.0,284.0,20.0,27.0,2150.0,300.0,5050.0
Nissan,Altima,Sedan,Europe,FWD,30000.0,29000.0,2.5,4.0,188.0,28.0,35.0,1600.0,270.0,4800.0
Nissan,Titan,Pickup,Europe,4WD,46000.0,45000.0,5.6,8.0,400.0,15.0,19.0,2600.0,320.0,5400.0
Nissan,Rogue,SUV,Europe,FWD,27000.0,26000.0,2.5,4.0,170.0,26.0,33.0,1650.0,270.0,4550.0
Nissan,Rogue AWD,SUV,Europe,AWD,30000.0,29000.0,2.5,4.0,170.0,25.0,31.0,1750.0,270.0,4600.0
Nissan,Murano,SUV,Europe,AWD,35000.0,34000.0,3.5,6.0,260.0,21.0,28.0,1850.0,280.0,4800.0
Nissan,Titan XD,Pickup,Europe,4WD,47000.0,46000.0,5.0,8.0,400.0,14.0,18.0,2700.0,320.0,5400.0
Nissan,NV200,Van,Europe,FWD,25000.0,24000.0,1.6,4.0,131.0,28.0,34.0,1800.0,300.0,4700.0
Nissan,NP300,Pickup,Europe,4WD,30000.0,29000.0,2.3,4.0,160.0,23.0,27.0,2100.0,310.0,5200.0
Nissan,Note e-Power Acenta,Hatchback,Europe,FWD,22000.0,21500.0,1.2,3.0,140.0,39.0,45.0,1180.0,250.0,4050.0
Nissan,Leaf Plus,Hatchback,Europe,FWD,42000.0,41000.0,0.0,0.0,214.0,110.0,120.0,1650.0,270.0,4500.0
Nissan,Z Proto,Coupe,Europe,RWD,50000.0,48000.0,3.0,6.0,400.0,18.0,24.0,1550.0,265.0,4400.0
Nissan,Z Coupe 400Z,Coupe,Europe,RWD,60000.0,58000.0,3.0,6.0,400.0,18.0,24.0,1600.0,265.0,4450.0
Nissan,Z Coupe 400Z Nismo,Coupe,Europe,RWD,70000.0,68000.0,3.0,6.0,405.0,16.0,22.0,1620.0,265.0,4450.0
Nissan,Sentra SR,Sedan,Europe,FWD,22000.0,21500.0,2.0,4.0,149.0,27.0,34.0,1400.0,265.0,4400.0
Nissan,Sentra SV,Sedan,Europe,FWD,23000.0,22500.0,2.0,4.0,149.0,27.0,34.0,1420.0,265.0,4400.0
Nissan,Kicks SR,SUV,Europe,FWD,26000.0,25000.0,1.6,4.0,122.0,28.0,34.0,1350.0,265.0,4300.0
Nissan,Kicks SV,SUV,Europe,FWD,25000.0,24000.0,1.6,4.0,122.0,29.0,35.0,1340.0,265.0,4300.0
Nissan,Versa Note,Hatchback,Europe,FWD,16500.0,16000.0,1.6,4.0,122.0,33.0,40.0,1170.0,250.0,3950.0
Nissan,Almera N-Sport,Sedan,Europe,FWD,18500.0,18000.0,1.0,3.0,92.0,36.0,42.0,1100.0,245.0,3950.0
Nissan,Micra SR,Hatchback,Europe,FWD,15500.0,15000.0,1.0,3.0,92.0,35.0,42.0,980.0,245.0,3850.0
Mercury,Mountaineer,SUV,USA,Front,29995.0,27317.0,4.0,6.0,210.0,16.0,21.0,4374.0,114.0,190.0
Mercury,Sable GS 4dr,Sedan,USA,Front,21595.0,19848.0,3.0,6.0,155.0,20.0,27.0,3308.0,109.0,200.0
Mercury,Grand Marquis GS 4dr,Sedan,USA,Rear,24695.0,23217.0,4.6,8.0,224.0,17.0,25.0,4052.0,115.0,212.0
Mercury,Grand Marquis LS Premium 4dr,Sedan,USA,Rear,29595.0,27148.0,4.6,8.0,224.0,17.0,25.0,4052.0,115.0,212.0
Mercury,Sable LS Premium 4dr,Sedan,USA,Front,23895.0,21918.0,3.0,6.0,201.0,19.0,26.0,3315.0,109.0,200.0
Mercury,Grand Marquis LS Ultimate 4dr,Sedan,USA,Rear,30895.0,28318.0,4.6,8.0,224.0,17.0,25.0,4052.0,115.0,212.0
Mercury,Marauder 4dr,Sedan,USA,Rear,34495.0,31558.0,4.6,8.0,302.0,17.0,23.0,4195.0,115.0,212.0
Mercury,Monterey Luxury,Sedan,USA,Front,33995.0,30846.0,4.2,6.0,201.0,16.0,23.0,4340.0,121.0,202.0
Mercury,Sable GS,Wagon,USA,Front,22595.0,20748.0,3.0,6.0,155.0,19.0,26.0,3488.0,109.0,198.0
Oldsmobile,Alero GX 2dr,Sedan,USA,Front,18825.0,17642.0,2.2,4.0,140.0,24.0,32.0,2946.0,107.0,187.0
Oldsmobile,Alero GLS 2dr,Sedan,USA,Front,23675.0,21485.0,3.4,6.0,170.0,20.0,29.0,3085.0,107.0,187.0
Oldsmobile,Silhouette GL,Sedan,USA,Front,28790.0,26120.0,3.4,6.0,185.0,19.0,26.0,3948.0,120.0,201.0
Pontiac,Aztekt,SUV,USA,Front,21595.0,19810.0,3.4,6.0,185.0,19.0,26.0,3779.0,108.0,182.0
Pontiac,Sunfire 1SA 2dr,Sedan,USA,Front,15495.0,14375.0,2.2,4.0,140.0,24.0,33.0,2771.0,104.0,182.0
Pontiac,Grand Am GT 2dr,Sedan,USA,Front,22450.0,20595.0,3.4,6.0,175.0,20.0,29.0,3118.0,107.0,186.0
Pontiac,Grand Prix GT1 4dr,Sedan,USA,Front,22395.0,20545.0,3.8,6.0,200.0,20.0,30.0,3477.0,111.0,198.0
Pontiac,Sunfire 1SC 2dr,Sedan,USA,Front,17735.0,16369.0,2.2,4.0,140.0,24.0,33.0,2771.0,104.0,182.0
Pontiac,Grand Prix GT2 4dr,Sedan,USA,Front,24295.0,22284.0,3.8,6.0,200.0,20.0,30.0,3484.0,111.0,198.0
Pontiac,Bonneville GXP 4dr,Sedan,USA,Front,35995.0,32997.0,4.6,8.0,275.0,17.0,20.0,3790.0,112.0,203.0
Pontiac,Montana,Sedan,USA,Front,23845.0,21644.0,3.4,6.0,185.0,19.0,26.0,3803.0,112.0,187.0
Pontiac,Montana EWB,Sedan,USA,All,31370.0,28454.0,3.4,6.0,185.0,18.0,24.0,4431.0,121.0,201.0
Pontiac,GTO 2dr,Sports,USA,Rear,33500.0,30710.0,5.7,8.0,340.0,16.0,20.0,3725.0,110.0,190.0
Pontiac,Vibe,Wagon,USA,Rear,17045.0,15973.0,1.8,4.0,130.0,29.0,36.0,2701.0,102.0,172.0
Porsche,911 Carrera,Coupe,Europe,RWD,110000.0,105000.0,3.0,6.0,379.0,18.0,24.0,1500.0,245.0,4500.0
Porsche,911 Carrera S,Coupe,Europe,RWD,120000.0,115000.0,3.0,6.0,443.0,16.0,22.0,1520.0,245.0,4500.0
Porsche,911 Turbo,Coupe,Europe,AWD,170000.0,165000.0,3.8,6.0,572.0,15.0,21.0,1600.0,245.0,4500.0
Porsche,911 Turbo S,Coupe,Europe,AWD,200000.0,195000.0,3.8,6.0,641.0,14.0,20.0,1620.0,245.0,4500.0
Porsche,Panamera,Sedan,Europe,AWD,90000.0,85000.0,2.9,6.0,440.0,19.0,25.0,2000.0,295.0,5000.0
Porsche,Panamera 4 E-Hybrid,Sedan,Europe,AWD,115000.0,110000.0,4.0,8.0,552.0,20.0,27.0,2100.0,295.0,5050.0
Porsche,Cayenne,SUV,Europe,AWD,72000.0,68000.0,3.0,6.0,340.0,19.0,25.0,2100.0,295.0,4950.0
Porsche,Cayenne Turbo,SUV,Europe,AWD,115000.0,110000.0,4.0,8.0,541.0,14.0,20.0,2200.0,295.0,5050.0
Porsche,Macan,SUV,Europe,AWD,65000.0,62000.0,2.0,4.0,261.0,20.0,26.0,1900.0,280.0,4700.0
Porsche,Macan S,SUV,Europe,AWD,72000.0,69000.0,3.0,6.0,348.0,18.0,24.0,2000.0,280.0,4700.0
Porsche,718 Cayman,Coupe,Europe,RWD,65000.0,62000.0,2.0,4.0,300.0,20.0,25.0,1400.0,245.0,4300.0
Porsche,718 Boxster,Roadster,Europe,RWD,67000.0,64000.0,2.0,4.0,300.0,20.0,25.0,1400.0,245.0,4300.0
Porsche,718 Cayman GTS,Coupe,Europe,RWD,75000.0,72000.0,2.5,4.0,365.0,18.0,23.0,1420.0,245.0,4300.0
Porsche,718 Boxster GTS,Roadster,Europe,RWD,76000.0,73000.0,2.5,4.0,365.0,18.0,23.0,1420.0,245.0,4300.0
Porsche,Taycan,Sedan,Europe,AWD,90000.0,88000.0,0.0,0.0,469.0,120.0,125.0,2200.0,300.0,4950.0
Porsche,Taycan 4S,Sedan,Europe,AWD,105000.0,102000.0,0.0,0.0,522.0,115.0,120.0,2200.0,300.0,4950.0
Porsche,Taycan Turbo,Sedan,Europe,AWD,140000.0,135000.0,0.0,0.0,616.0,110.0,115.0,2200.0,300.0,4950.0
Porsche,Taycan Turbo S,Sedan,Europe,AWD,185000.0,180000.0,0.0,0.0,750.0,105.0,110.0,2200.0,300.0,4950.0
Porsche,Panamera Turbo,Sedan,Europe,AWD,130000.0,125000.0,4.0,8.0,550.0,16.0,22.0,2100.0,295.0,5050.0
Porsche,Panamera GTS,Sedan,Europe,AWD,115000.0,110000.0,4.0,8.0,460.0,17.0,23.0,2100.0,295.0,5050.0
Porsche,Macan GTS,SUV,Europe,AWD,80000.0,77000.0,2.9,6.0,375.0,17.0,22.0,2000.0,280.0,4700.0
Porsche,911 GT3 RS,Coupe,Europe,RWD,190000.0,185000.0,4.0,6.0,520.0,14.0,19.0,1450.0,245.0,4500.0
Porsche,911 GT2 RS,Coupe,Europe,RWD,300000.0,295000.0,3.8,6.0,700.0,13.0,18.0,1500.0,245.0,4500.0
Porsche,911 Targa 4S,Coupe,Europe,AWD,140000.0,135000.0,3.0,6.0,443.0,16.0,22.0,1550.0,245.0,4500.0
Porsche,911 Carrera Cabriolet,Cabriolet,Europe,RWD,115000.0,110000.0,3.0,6.0,379.0,17.0,23.0,1500.0,245.0,4500.0
Saab,9-3 Arc Sport 4dr,Sedan,Europe,Front,30860.0,29269.0,2.0,4.0,210.0,20.0,28.0,3175.0,105.0,183.0
Saab,9-3 Aero 4dr,Sedan,Europe,Front,33360.0,31562.0,2.0,4.0,210.0,20.0,28.0,3175.0,105.0,183.0
Saab,9-5 Arc 4dr,Sedan,Europe,Front,35105.0,33011.0,2.3,4.0,220.0,21.0,29.0,3470.0,106.0,190.0
Saab,9-5 Aero 4dr,Sedan,Europe,Front,39465.0,37721.0,2.3,4.0,250.0,21.0,29.0,3470.0,106.0,190.0
Saab,9-3 Arc convertible 2dr,Sedan,Europe,Front,40670.0,38520.0,2.0,4.0,210.0,21.0,29.0,3480.0,105.0,182.0
Saab,9-3 Aero convertible 2dr,Sedan,Europe,Front,43175.0,40883.0,2.0,4.0,210.0,21.0,30.0,3700.0,105.0,182.0
Saab,9-5 Aero,Wagon,Europe,Front,40845.0,38376.0,2.3,4.0,250.0,19.0,29.0,3620.0,106.0,190.0
Saturn,Ion1 4dr,Sedan,USA,Front,10995.0,10319.0,2.2,4.0,140.0,26.0,35.0,2692.0,103.0,185.0
Saturn,lon2 4dr,Sedan,USA,Front,14300.0,13393.0,2.2,4.0,140.0,26.0,35.0,2692.0,103.0,185.0
Saturn,lon3 4dr,Sedan,USA,Front,15825.0,14811.0,2.2,4.0,140.0,26.0,35.0,2692.0,103.0,185.0
Saturn,lon2 quad coupe 2dr,Sedan,USA,Front,14850.0,13904.0,2.2,4.0,140.0,26.0,35.0,2751.0,103.0,185.0
Saturn,lon3 quad coupe 2dr,Sedan,USA,Front,16350.0,15299.0,2.2,4.0,140.0,26.0,35.0,2751.0,103.0,185.0
Saturn,L300-2 4dr,Sedan,USA,Front,21410.0,19801.0,3.0,6.0,182.0,20.0,28.0,3197.0,107.0,190.0
Saturn,L300 2,Wagon,USA,Front,23560.0,21779.0,2.2,4.0,140.0,24.0,34.0,3109.0,107.0,190.0
Scion,xA 4dr hatch,Sedan,Asia,Front,12965.0,12340.0,1.5,4.0,108.0,32.0,38.0,2340.0,93.0,154.0
Scion,xB,Wagon,Asia,Front,14165.0,13480.0,1.5,4.0,108.0,31.0,35.0,2425.0,98.0,155.0
Subaru,Impreza,Sedan,Europe,AWD,28000.0,27000.0,2.0,4.0,152.0,24.0,31.0,1400.0,265.0,4550.0
Subaru,Impreza Sport,Sedan,Europe,AWD,30000.0,29000.0,2.0,4.0,168.0,23.0,30.0,1420.0,265.0,4550.0
Subaru,Impreza WRX,Sedan,Europe,AWD,38000.0,37000.0,2.0,4.0,268.0,20.0,27.0,1500.0,265.0,4600.0
Subaru,Impreza WRX STI,Sedan,Europe,AWD,45000.0,44000.0,2.5,4.0,310.0,18.0,25.0,1550.0,265.0,4600.0
Subaru,Legacy,Sedan,Europe,AWD,35000.0,34000.0,2.5,4.0,182.0,21.0,28.0,1600.0,275.0,4850.0
Subaru,Legacy Touring,Sedan,Europe,AWD,38000.0,37000.0,2.5,4.0,256.0,19.0,26.0,1650.0,275.0,4850.0
Subaru,Outback,SUV,Europe,AWD,40000.0,39000.0,2.5,4.0,182.0,22.0,28.0,1700.0,275.0,4900.0
Subaru,Outback Limited,SUV,Europe,AWD,45000.0,44000.0,3.6,6.0,256.0,20.0,27.0,1750.0,275.0,4900.0
Subaru,Forester,SUV,Europe,AWD,33000.0,32000.0,2.5,4.0,182.0,23.0,29.0,1600.0,267.0,4600.0
Subaru,Forester XT,SUV,Europe,AWD,37000.0,36000.0,2.0,4.0,250.0,21.0,27.0,1650.0,267.0,4600.0
Subaru,Crosstrek,SUV,Europe,AWD,27000.0,26000.0,2.0,4.0,152.0,24.0,31.0,1400.0,260.0,4500.0
Subaru,Crosstrek Hybrid,SUV,Europe,AWD,32000.0,31000.0,2.0,4.0,148.0,35.0,38.0,1500.0,260.0,4500.0
Subaru,BRZ,Coupe,Europe,RWD,28000.0,27000.0,2.0,4.0,205.0,22.0,28.0,1300.0,255.0,4300.0
Subaru,WRX,Coupe,Europe,AWD,35000.0,34000.0,2.0,4.0,268.0,20.0,27.0,1500.0,265.0,4600.0
Subaru,WRX STI,Coupe,Europe,AWD,45000.0,44000.0,2.5,4.0,310.0,18.0,25.0,1550.0,265.0,4600.0
Subaru,Ascent,SUV,Europe,AWD,42000.0,41000.0,2.4,4.0,260.0,19.0,25.0,2000.0,285.0,4950.0
Subaru,Tribeca,SUV,Europe,AWD,40000.0,39000.0,3.6,6.0,256.0,18.0,23.0,2100.0,290.0,5000.0
Subaru,Impreza Hatchback,Sedan,Europe,AWD,28000.0,27000.0,2.0,4.0,152.0,24.0,31.0,1400.0,265.0,4550.0
Subaru,Impreza WRX Hatchback,Sedan,Europe,AWD,38000.0,37000.0,2.0,4.0,268.0,20.0,27.0,1500.0,265.0,4600.0
Subaru,Impreza WRX STI Hatchback,Sedan,Europe,AWD,45000.0,44000.0,2.5,4.0,310.0,18.0,25.0,1550.0,265.0,4600.0
Subaru,Legacy Wagon,Sedan,Europe,AWD,35000.0,34000.0,2.5,4.0,182.0,21.0,28.0,1600.0,275.0,4850.0
Subaru,Outback Wagon,SUV,Europe,AWD,40000.0,39000.0,2.5,4.0,182.0,22.0,28.0,1700.0,275.0,4900.0
Subaru,Forester Wagon,SUV,Europe,AWD,33000.0,32000.0,2.5,4.0,182.0,23.0,29.0,1600.0,267.0,4600.0
Subaru,WRX Wagon,Coupe,Europe,AWD,35000.0,34000.0,2.0,4.0,268.0,20.0,27.0,1500.0,265.0,4600.0
Subaru,WRX STI Wagon,Coupe,Europe,AWD,45000.0,44000.0,2.5,4.0,310.0,18.0,25.0,1550.0,265.0,4600.0
Suzuki,Swift,Hatchback,Asia,FWD,18000.0,17000.0,1.2,4.0,90.0,30.0,37.0,900.0,240.0,3850.0
Suzuki,Swift Sport,Hatchback,Asia,FWD,23000.0,22000.0,1.4,4.0,140.0,27.0,34.0,970.0,240.0,3900.0
Suzuki,Vitara,SUV,Asia,AWD,26000.0,25000.0,1.4,4.0,140.0,25.0,31.0,1200.0,250.0,4100.0
Suzuki,S-Cross,SUV,Asia,FWD,24000.0,23000.0,1.4,4.0,130.0,24.0,30.0,1250.0,260.0,4200.0
Suzuki,Jimny,SUV,Asia,4WD,27000.0,26000.0,1.5,4.0,102.0,28.0,33.0,1100.0,225.0,3700.0
Suzuki,Ignis,Hatchback,Asia,FWD,16000.0,15000.0,1.2,4.0,83.0,33.0,38.0,900.0,230.0,3600.0
Suzuki,Celerio,Hatchback,Asia,FWD,14000.0,13000.0,1.0,3.0,67.0,35.0,40.0,850.0,235.0,3600.0
Suzuki,Baleno,Hatchback,Asia,FWD,19000.0,18000.0,1.2,4.0,90.0,28.0,35.0,900.0,240.0,3950.0
Suzuki,Swift Hybrid,Hatchback,Asia,FWD,21000.0,20000.0,1.2,4.0,83.0,36.0,40.0,950.0,240.0,3900.0
Suzuki,Vitara Hybrid,SUV,Asia,AWD,28000.0,27000.0,1.4,4.0,140.0,27.0,32.0,1250.0,250.0,4100.0
Suzuki,XL7,SUV,Asia,AWD,32000.0,31000.0,1.5,4.0,103.0,24.0,29.0,1400.0,265.0,4450.0
Suzuki,Kizashi,Sedan,Asia,FWD,25000.0,24000.0,2.4,4.0,185.0,22.0,29.0,1550.0,270.0,4600.0
Suzuki,Ciaz,Sedan,Asia,FWD,17000.0,16000.0,1.5,4.0,105.0,28.0,34.0,1100.0,255.0,4350.0
Suzuki,Ertiga,MPV,Asia,FWD,20000.0,19000.0,1.5,4.0,104.0,26.0,31.0,1350.0,270.0,4500.0
Suzuki,Across,SUV,Asia,AWD,45000.0,44000.0,2.5,4.0,220.0,21.0,26.0,1850.0,275.0,4700.0
Suzuki,Swift Sport Hybrid,Hatchback,Asia,FWD,24000.0,23000.0,1.4,4.0,140.0,30.0,34.0,970.0,240.0,3900.0
Suzuki,Baleno RS,Hatchback,Asia,FWD,20000.0,19000.0,1.4,4.0,140.0,29.0,34.0,900.0,240.0,3950.0
Suzuki,Jimny Sierra,SUV,Asia,4WD,28000.0,27000.0,1.5,4.0,102.0,27.0,32.0,1100.0,225.0,3700.0
Suzuki,Swift RS,Hatchback,Asia,FWD,21000.0,20000.0,1.2,4.0,90.0,31.0,36.0,900.0,240.0,3850.0
Suzuki,S-Cross Hybrid,SUV,Asia,FWD,26000.0,25000.0,1.4,4.0,130.0,26.0,31.0,1250.0,260.0,4200.0
Toyota,Yaris,Hatchback,Asia,FWD,17000.0,16000.0,1.5,4.0,106.0,36.0,44.0,1050.0,245.0,3940.0
Toyota,Yaris Cross,SUV,Asia,FWD,22000.0,21000.0,1.5,4.0,115.0,33.0,40.0,1250.0,260.0,4180.0
Toyota,Corolla Sedan, Sedan,Asia, FWD, 20000.0, 19000.0, 1.8, 4.0, 139.0, 30.0, 38.0, 1300.0, 270.0, 4625.0
Toyota,Corolla Hatchback,Hatchback,Asia,FWD,20500.0,19500.0,2.0,4.0,168.0,29.0,37.0,1350.0,265.0,4350.0
Toyota,Corolla Hybrid,Sedan,Asia,FWD,24000.0,23000.0,1.8,4.0,121.0,53.0,58.0,1380.0,270.0,4625.0
Toyota,Camry,Sedan,Asia,FWD,27000.0,26000.0,2.5,4.0,203.0,28.0,39.0,1550.0,282.0,4880.0
Toyota,Camry Hybrid,Sedan,Asia,FWD,32000.0,31000.0,2.5,4.0,208.0,44.0,53.0,1600.0,282.0,4880.0
Toyota,RAV4,SUV,Asia,FWD,26000.0,25000.0,2.5,4.0,203.0,28.0,35.0,1625.0,269.0,4600.0
Toyota,RAV4 Hybrid,SUV,Asia,FWD,32000.0,31000.0,2.5,4.0,219.0,40.0,45.0,1670.0,269.0,4600.0
Toyota,Highlander,SUV,Asia,AWD,40000.0,39000.0,3.5,6.0,295.0,20.0,27.0,1900.0,279.0,4950.0
Toyota,Highlander Hybrid,SUV,Asia,AWD,45000.0,44000.0,2.5,4.0,243.0,35.0,36.0,2000.0,279.0,4950.0
Toyota,Sienna,Van,Asia,FWD,35000.0,34000.0,3.5,6.0,296.0,19.0,26.0,2100.0,320.0,5100.0
Toyota, Prius,Hatchback,Asia,FWD,25000.0,24000.0,1.8,4.0,121.0,58.0,53.0,1350.0,270.0,4360.0
Toyota,Supra,Sports,Asia,RWD,45000.0,44000.0,3.0,6.0,382.0,22.0,30.0,1550.0,247.0,4370.0
Toyota,Tacoma,Pickup,Asia,4WD,32000.0,31000.0,3.5,6.0,278.0,18.0,22.0,2000.0,320.0,5600.0
Toyota,Avalon,Sedan,Asia,FWD,36000.0,35000.0,3.5,6.0,301.0,22.0,31.0,1750.0,287.0,4990.0
Toyota,4Runner,SUV,Asia,4WD,38000.0,37000.0,4.0,6.0,270.0,17.0,21.0,2200.0,279.0,4940.0
Toyota,C-HR,SUV,Asia,FWD,23000.0,22000.0,2.0,4.0,144.0,27.0,31.0,1400.0,260.0,4350.0
Toyota,Yaris Sedan,Sedan,Asia,FWD,16000.0,15500.0,1.5,4.0,106.0,35.0,42.0,1050.0,245.0,4450.0
Toyota,Sequoia,SUV,Asia,4WD,50000.0,49000.0,5.7,8.0,381.0,13.0,17.0,2700.0,320.0,5600.0
Toyota,Mirai,Sedan,Asia,FWD,58000.0,57000.0,0.0,0.0,182.0,67.0,74.0,1850.0,277.0,4890.0
Toyota,Supra GR,Sports,Asia,RWD,51000.0,50000.0,3.0,6.0,382.0,22.0,30.0,1550.0,247.0,4380.0
Toyota, Tacoma TRD Pro,Pickup,Asia,4WD,43000.0,42000.0,3.5,6.0,278.0,18.0,22.0,2000.0,320.0,5610.0
Toyota, Tundra,Pickup,Asia,4WD,48000.0,47000.0,5.7,8.0,381.0,14.0,18.0,2700.0,320.0,5600.0
Toyota, Venza,SUV,Asia,FWD,33000.0,32000.0,2.5,4.0,219.0,29.0,37.0,1600.0,274.0,4600.0
Toyota,Corolla,Sedan,Asia,FWD,22000.0,21000.0,1.8,4.0,139.0,30.0,38.0,1300.0,270.0,4630.0
Toyota,Corolla Hatchback,Hatchback,Asia,FWD,21000.0,20000.0,2.0,4.0,168.0,28.0,37.0,1300.0,270.0,4360.0
Toyota,Prius,Hatchback,Asia,FWD,24000.0,23000.0,1.8,4.0,121.0,58.0,53.0,1400.0,270.0,4480.0
Toyota,Prius Prime,Hatchback,Asia,FWD,28000.0,27000.0,1.8,4.0,121.0,54.0,50.0,1400.0,270.0,4500.0
Toyota,RAV4,SUV,Asia,FWD,29000.0,28000.0,2.5,4.0,203.0,27.0,35.0,1600.0,269.0,4600.0
Toyota,RAV4 Hybrid,SUV,Asia,AWD,34000.0,33000.0,2.5,4.0,219.0,41.0,38.0,1650.0,269.0,4630.0
Toyota,Sienna,Minivan,Asia,FWD,35000.0,34000.0,3.5,6.0,296.0,19.0,26.0,2100.0,303.0,5140.0
Toyota,Highlander,SUV,Asia,AWD,37000.0,36000.0,3.5,6.0,295.0,21.0,29.0,2100.0,279.0,4930.0
Toyota,Camry,Sedan,Asia,FWD,24000.0,23000.0,2.5,4.0,203.0,28.0,39.0,1500.0,282.0,4880.0
Toyota,Camry Hybrid,Sedan,Asia,FWD,28000.0,27000.0,2.5,4.0,208.0,44.0,41.0,1550.0,282.0,4900.0
Volkswagen,Golf,Hatchback,Europe,FWD,26000.0,25000.0,1.5,4.0,150.0,27.0,36.0,1300.0,263.0,4250.0
Volkswagen,Golf GTI,Hatchback,Europe,FWD,35000.0,34000.0,2.0,4.0,245.0,23.0,30.0,1400.0,263.0,4250.0
Volkswagen,Golf R,Hatchback,Europe,AWD,45000.0,44000.0,2.0,4.0,315.0,22.0,28.0,1450.0,263.0,4250.0
Volkswagen,Polo,Hatchback,Europe,FWD,20000.0,19000.0,1.0,3.0,95.0,30.0,40.0,1100.0,245.0,3950.0
Volkswagen,T-Roc,SUV,Europe,AWD,30000.0,29000.0,1.5,4.0,150.0,26.0,33.0,1350.0,260.0,4200.0
Volkswagen,Tiguan,SUV,Europe,AWD,40000.0,39000.0,2.0,4.0,190.0,22.0,28.0,1650.0,267.0,4600.0
Volkswagen,Tiguan R,SUV,Europe,AWD,48000.0,47000.0,2.0,4.0,320.0,20.0,26.0,1750.0,267.0,4600.0
Volkswagen,Passat,Sedan,Europe,FWD,35000.0,34000.0,2.0,4.0,190.0,25.0,34.0,1550.0,277.0,4850.0
Volkswagen,Arteon,Sedan,Europe,FWD,45000.0,44000.0,2.0,4.0,268.0,24.0,33.0,1600.0,278.0,4850.0
Volkswagen,ID.3,Hatchback,Europe,Electric,45000.0,44000.0,0.0,0.0,201.0,120.0,120.0,1800.0,265.0,4250.0
Volkswagen,ID.4,SUV,Europe,Electric,48000.0,47000.0,0.0,0.0,201.0,110.0,110.0,1900.0,265.0,4600.0
Volkswagen,Up!,Hatchback,Europe,FWD,15000.0,14000.0,1.0,3.0,75.0,33.0,41.0,950.0,230.0,3600.0
Volkswagen,Crafter,Van,Europe,RWD,35000.0,34000.0,2.0,4.0,140.0,18.0,23.0,3000.0,380.0,6200.0
Volkswagen,Amarok,Pickup,Europe,AWD,40000.0,39000.0,3.0,6.0,224.0,20.0,25.0,2200.0,310.0,5600.0
Volkswagen,Touareg,SUV,Europe,AWD,60000.0,59000.0,3.0,6.0,340.0,18.0,23.0,2100.0,300.0,5000.0
Volkswagen,Sharan,MPV,Europe,FWD,35000.0,34000.0,2.0,4.0,150.0,23.0,29.0,1750.0,285.0,4850.0
Volkswagen,T-Cross,SUV,Europe,FWD,22000.0,21000.0,1.0,3.0,95.0,30.0,38.0,1200.0,255.0,4050.0
Volkswagen,T-Roc Cabriolet,SUV,Europe,FWD,33000.0,32000.0,1.5,4.0,150.0,25.0,32.0,1350.0,260.0,4200.0
Volkswagen,ID.5,SUV,Europe,Electric,52000.0,51000.0,0.0,0.0,204.0,110.0,110.0,1900.0,265.0,4600.0
Volkswagen,Caddy,Van,Europe,FWD,23000.0,22000.0,1.5,4.0,130.0,23.0,28.0,1400.0,265.0,4400.0
Volkswagen,Eos,Convertible,Europe,FWD,30000.0,29000.0,2.0,4.0,200.0,22.0,30.0,1500.0,270.0,4500.0
Volkswagen,Phaeton,Sedan,Europe,RWD,70000.0,69000.0,3.0,6.0,300.0,18.0,25.0,2100.0,300.0,5300.0
Volkswagen,Lavida,Sedan,Asia,FWD,18000.0,17000.0,1.4,4.0,150.0,26.0,33.0,1300.0,265.0,4500.0
Volkswagen,Lupo,Hatchback,Europe,FWD,12000.0,11000.0,1.0,3.0,75.0,34.0,42.0,900.0,220.0,3500.0
Volkswagen,Scirocco,Hatchback,Europe,FWD,30000.0,29000.0,2.0,4.0,265.0,21.0,27.0,1400.0,260.0,4200.0
Volkswagen,Beetle,Hatchback,Europe,FWD,25000.0,24000.0,2.0,4.0,170.0,24.0,31.0,1300.0,255.0,4100.0
Volkswagen,Tiguan Allspace,SUV,Europe,AWD,42000.0,41000.0,2.0,4.0,220.0,20.0,26.0,1750.0,270.0,4750.0
Volkswagen,CrossGolf,Hatchback,Europe,AWD,28000.0,27000.0,1.8,4.0,180.0,23.0,29.0,1400.0,260.0,4250.0
Volkswagen,Crafter Van,Van,Europe,RWD,36000.0,35000.0,3.0,6.0,205.0,17.0,22.0,3200.0,400.0,6500.0
Volvo,XC40,SUV,Europe,AWD,42000.0,41000.0,2.0,4.0,190.0,25.0,31.0,1650.0,270.0,4430.0
Volvo,XC40 Recharge,Electric SUV,Europe,AWD,54000.0,53000.0,0.0,0.0,402.0,100.0,100.0,2000.0,270.0,4430.0
Volvo,XC60,SUV,Europe,AWD,53000.0,52000.0,2.0,4.0,250.0,23.0,29.0,1850.0,286.0,4680.0
Volvo,XC60 Recharge,PHEV SUV,Europe,AWD,61000.0,60000.0,2.0,4.0,340.0,21.0,27.0,1900.0,286.0,4680.0
Volvo,XC90,SUV,Europe,AWD,70000.0,69000.0,2.0,4.0,320.0,19.0,25.0,2100.0,298.0,5000.0
Volvo,XC90 Recharge,PHEV SUV,Europe,AWD,85000.0,84000.0,2.0,4.0,400.0,18.0,24.0,2150.0,298.0,5000.0
Volvo,S60,Sedan,Europe,FWD,43000.0,42000.0,2.0,4.0,250.0,24.0,30.0,1600.0,287.0,4760.0
Volvo,S60 Recharge,PHEV Sedan,Europe,FWD,51000.0,50000.0,2.0,4.0,340.0,22.0,28.0,1650.0,287.0,4760.0
Volvo,S90,Sedan,Europe,FWD,60000.0,59000.0,2.0,4.0,316.0,22.0,28.0,1800.0,297.0,4950.0
Volvo,V60,Station Wagon,Europe,FWD,48000.0,47000.0,2.0,4.0,250.0,25.0,31.0,1650.0,287.0,4760.0
Volvo,V60 Recharge,PHEV Wagon,Europe,FWD,56000.0,55000.0,2.0,4.0,340.0,23.0,29.0,1700.0,287.0,4760.0
Volvo,V90,Station Wagon,Europe,FWD,62000.0,61000.0,2.0,4.0,316.0,22.0,28.0,1800.0,297.0,4950.0
Volvo,V90 Recharge,PHEV Wagon,Europe,FWD,70000.0,69000.0,2.0,4.0,400.0,20.0,26.0,1850.0,297.0,4950.0
Volvo,C40 Recharge,Electric SUV,Europe,AWD,58000.0,57000.0,0.0,0.0,402.0,105.0,105.0,1950.0,270.0,4430.0
Volvo,XC Classic,SUV,Europe,AWD,40000.0,39000.0,2.0,4.0,200.0,22.0,28.0,1700.0,270.0,4600.0
